-- phpMyAdmin SQL Dump
-- version 3.3.9.1
-- http://www.phpmyadmin.net
--
-- 主机: localhost
-- 生成日期: 2011 年 06 月 20 日 18:14
-- 服务器版本: 5.5.9
-- PHP 版本: 5.3.5

SET SQL_MODE="NO_AUTO_VALUE_ON_ZERO";


/*!40101 SET @OLD_CHARACTER_SET_CLIENT=@@CHARACTER_SET_CLIENT */;
/*!40101 SET @OLD_CHARACTER_SET_RESULTS=@@CHARACTER_SET_RESULTS */;
/*!40101 SET @OLD_COLLATION_CONNECTION=@@COLLATION_CONNECTION */;
/*!40101 SET NAMES utf8 */;

--
-- 数据库: `uto`
--

-- --------------------------------------------------------

--
-- 表的结构 `utoconsult_article_category1`
--

CREATE TABLE IF NOT EXISTS `utoconsult_article_category1` (
  `id` bigint(20) NOT NULL AUTO_INCREMENT,
  `name` varchar(15) COLLATE utf8_unicode_ci NOT NULL,
  `keywords` varchar(255) COLLATE utf8_unicode_ci DEFAULT NULL,
  `created_at` datetime NOT NULL,
  `updated_at` datetime NOT NULL,
  PRIMARY KEY (`id`),
  UNIQUE KEY `name` (`name`)
) ENGINE=InnoDB  DEFAULT CHARSET=utf8 COLLATE=utf8_unicode_ci AUTO_INCREMENT=9 ;

--
-- 转存表中的数据 `utoconsult_article_category1`
--

INSERT INTO `utoconsult_article_category1` (`id`, `name`, `keywords`, `created_at`, `updated_at`) VALUES
(1, '工程设计', '工程设计', '2011-06-12 15:10:53', '2011-06-13 08:42:08'),
(2, '工艺设计', '工艺设计', '2011-06-12 15:11:00', '2011-06-13 08:42:43'),
(3, '项目管理', '项目管理', '2011-06-13 08:43:06', '2011-06-13 08:43:06'),
(4, '工程材料', '工程材料', '2011-06-13 18:02:11', '2011-06-13 18:02:11'),
(5, '相关设备', '相关设备', '2011-06-13 18:02:20', '2011-06-13 18:02:20'),
(6, '规范标准', '规范标准', '2011-06-13 18:02:29', '2011-06-13 18:02:29'),
(7, '专业术语', '专业术语', '2011-06-13 18:02:38', '2011-06-13 18:02:38'),
(8, '互提信息', '互提信息', '2011-06-13 18:02:46', '2011-06-13 18:02:46');

-- --------------------------------------------------------

--
-- 表的结构 `utoconsult_article_category2`
--

CREATE TABLE IF NOT EXISTS `utoconsult_article_category2` (
  `id` bigint(20) NOT NULL AUTO_INCREMENT,
  `category1_id` bigint(20) NOT NULL,
  `name` varchar(15) COLLATE utf8_unicode_ci NOT NULL,
  `keywords` varchar(255) COLLATE utf8_unicode_ci DEFAULT NULL,
  `created_at` datetime NOT NULL,
  `updated_at` datetime NOT NULL,
  PRIMARY KEY (`id`),
  UNIQUE KEY `name` (`name`),
  KEY `category1_id_idx` (`category1_id`)
) ENGINE=InnoDB  DEFAULT CHARSET=utf8 COLLATE=utf8_unicode_ci AUTO_INCREMENT=63 ;

--
-- 转存表中的数据 `utoconsult_article_category2`
--

INSERT INTO `utoconsult_article_category2` (`id`, `category1_id`, `name`, `keywords`, `created_at`, `updated_at`) VALUES
(1, 1, '工业建筑', '工业建筑', '2011-06-12 15:11:26', '2011-06-13 18:04:27'),
(4, 1, '民用建筑', '民用建筑', '2011-06-13 18:04:45', '2011-06-13 18:04:45'),
(5, 1, '建筑结构', '建筑结构', '2011-06-13 18:04:53', '2011-06-13 18:04:53'),
(6, 1, '冷库建筑', '冷库建筑', '2011-06-13 18:05:00', '2011-06-13 18:05:00'),
(7, 1, '制冷设计', '制冷设计', '2011-06-13 18:05:12', '2011-06-13 18:05:12'),
(8, 1, '节能技术', '节能技术', '2011-06-13 18:07:37', '2011-06-13 18:07:37'),
(9, 1, '设计经验', '设计经验', '2011-06-13 18:08:20', '2011-06-13 18:08:20'),
(10, 2, '制冷工艺', '制冷工艺', '2011-06-13 18:08:39', '2011-06-13 18:08:39'),
(11, 2, '肉类加工', '肉类加工', '2011-06-13 18:09:08', '2011-06-13 18:09:08'),
(12, 2, '禽类加工', '禽类加工', '2011-06-13 18:09:25', '2011-06-13 18:10:07'),
(13, 2, '水产加工', '水产加工', '2011-06-13 18:09:34', '2011-06-13 18:10:23'),
(14, 2, '果蔬加工', '果蔬加工', '2011-06-13 18:09:46', '2011-06-13 18:09:46'),
(15, 2, '熟食加工', '熟食加工', '2011-06-13 18:10:55', '2011-06-13 18:10:55'),
(16, 2, '速冻食品加工', '速冻食品加工', '2011-06-13 18:11:07', '2011-06-13 18:11:07'),
(17, 3, '项目前期', '项目前期', '2011-06-13 18:11:18', '2011-06-13 18:11:18'),
(18, 3, '招标文件', '招标文件', '2011-06-13 18:13:37', '2011-06-13 18:13:37'),
(19, 3, '合同样本', '合同样本', '2011-06-13 18:13:49', '2011-06-13 18:13:49'),
(20, 3, '法规规定', '法规规定', '2011-06-13 18:14:01', '2011-06-13 18:14:01'),
(21, 3, '工程经济', '工程经济', '2011-06-13 18:14:12', '2011-06-13 18:14:12'),
(22, 3, '风险管理', '风险管理', '2011-06-13 18:14:22', '2011-06-13 18:14:22'),
(23, 3, '工程保险', '工程保险', '2011-06-13 18:14:36', '2011-06-13 18:14:36'),
(24, 3, '工程保函', '工程保函', '2011-06-13 18:14:46', '2011-06-13 18:14:46'),
(25, 4, '防水材料', '防水材料', '2011-06-13 18:15:00', '2011-06-13 18:15:00'),
(26, 4, '保温材料', '保温材料', '2011-06-13 18:15:11', '2011-06-13 18:15:11'),
(27, 4, '防火材料', '防火材料', '2011-06-13 18:15:22', '2011-06-13 18:15:22'),
(28, 4, '密封材料', '密封材料', '2011-06-13 18:15:32', '2011-06-13 18:15:32'),
(29, 4, '地面材料', '地面材料', '2011-06-13 18:15:46', '2011-06-13 18:15:46'),
(30, 4, '建筑涂料', '建筑涂料', '2011-06-13 18:16:00', '2011-06-13 18:16:00'),
(31, 4, '装饰材料', '装饰材料', '2011-06-13 18:16:11', '2011-06-13 18:16:11'),
(32, 4, '幕墙材料', '幕墙材料', '2011-06-13 18:16:23', '2011-06-13 18:16:23'),
(33, 4, '轻钢结构', '轻钢结构', '2011-06-13 18:16:34', '2011-06-13 18:16:34'),
(34, 4, '金属屋面', '金属屋面', '2011-06-13 18:16:44', '2011-06-13 18:16:44'),
(35, 4, '特种材料', '特种材料', '2011-06-13 18:16:56', '2011-06-13 18:16:56'),
(36, 5, '电气设备', '电气设备', '2011-06-13 18:17:09', '2011-06-13 18:17:09'),
(37, 5, '给排水设备', '给排水设备', '2011-06-13 18:17:23', '2011-06-13 18:17:23'),
(38, 5, '暖通空调', '暖通空调', '2011-06-13 18:17:33', '2011-06-13 18:17:33'),
(39, 5, '消防设备', '消防设备', '2011-06-13 18:17:44', '2011-06-13 18:17:44'),
(40, 5, '安防设备', '安防设备', '2011-06-13 18:17:53', '2011-06-13 18:17:53'),
(41, 5, '制冷设备', '制冷设备', '2011-06-13 18:18:02', '2011-06-13 18:18:02'),
(42, 5, '冷藏门', '冷藏门', '2011-06-13 18:18:11', '2011-06-13 18:18:11'),
(43, 5, '地面防冻加热', '地面防冻加热', '2011-06-13 18:18:21', '2011-06-13 18:18:21'),
(44, 5, '冷藏物流设备', '冷藏物流设备', '2011-06-13 18:18:30', '2011-06-13 18:18:30'),
(45, 5, '货架', '货架', '2011-06-13 18:18:40', '2011-06-13 18:18:40'),
(46, 5, '电梯', '电梯', '2011-06-13 18:18:49', '2011-06-13 18:18:49'),
(47, 5, '太阳能设备', '太阳能设备', '2011-06-13 18:19:00', '2011-06-13 18:19:00'),
(48, 6, '建筑设计规范', '建筑设计规范', '2011-06-13 18:19:13', '2011-06-13 18:19:13'),
(49, 6, '建筑防火设计规范', '建筑防火设计规范', '2011-06-13 18:19:23', '2011-06-13 18:19:23'),
(50, 6, '结构设计规范', '结构设计规范', '2011-06-13 18:19:33', '2011-06-13 18:19:33'),
(51, 6, '冷库建筑设计规范', '冷库建筑设计规范', '2011-06-13 18:19:41', '2011-06-13 18:19:41'),
(52, 6, '其它设备专业设计规范', '其它设备专业设计规范', '2011-06-13 18:19:50', '2011-06-13 18:19:50'),
(53, 6, '食品规范', '食品规范', '2011-06-13 18:19:59', '2011-06-13 18:19:59'),
(54, 7, '土建术语', '土建术语', '2011-06-13 18:20:08', '2011-06-13 18:20:08'),
(55, 7, '电气术语', '电气术语', '2011-06-13 18:20:16', '2011-06-13 18:20:16'),
(56, 7, '给水排水术语', '给水排水术语', '2011-06-13 18:20:27', '2011-06-13 18:20:27'),
(57, 7, '暖通空调术语', '暖通空调术语', '2011-06-13 18:20:41', '2011-06-13 18:20:41'),
(58, 7, '环保术语', '环保术语', '2011-06-13 18:20:49', '2011-06-13 18:20:49'),
(59, 7, '能源术语', '能源术语', '2011-06-13 18:20:57', '2011-06-13 18:20:57'),
(60, 7, '制冷工艺术语', '制冷工艺术语', '2011-06-13 18:21:04', '2011-06-13 18:21:04'),
(61, 7, '食品工艺术语', '食品工艺术语', '2011-06-13 18:21:13', '2011-06-13 18:21:13'),
(62, 7, '技术经济术语', '技术经济术语', '2011-06-13 18:21:21', '2011-06-13 18:21:21');

-- --------------------------------------------------------

--
-- 表的结构 `utoconsult_article_comment`
--

CREATE TABLE IF NOT EXISTS `utoconsult_article_comment` (
  `id` bigint(20) NOT NULL AUTO_INCREMENT,
  `article_id` bigint(20) NOT NULL,
  `user_id` bigint(20) NOT NULL,
  `content` longblob NOT NULL,
  `created_at` datetime NOT NULL,
  `updated_at` datetime NOT NULL,
  PRIMARY KEY (`id`),
  KEY `article_id_idx` (`article_id`)
) ENGINE=InnoDB DEFAULT CHARSET=utf8 COLLATE=utf8_unicode_ci AUTO_INCREMENT=1 ;

--
-- 转存表中的数据 `utoconsult_article_comment`
--


-- --------------------------------------------------------

--
-- 表的结构 `utoconsult_blog`
--

CREATE TABLE IF NOT EXISTS `utoconsult_blog` (
  `id` bigint(20) NOT NULL AUTO_INCREMENT,
  `user_id` bigint(20) NOT NULL,
  `title` varchar(255) COLLATE utf8_unicode_ci NOT NULL,
  `content` longblob NOT NULL,
  `mycategory` bigint(20) DEFAULT NULL,
  `visitnumber` bigint(20) DEFAULT NULL,
  `slug` varchar(255) COLLATE utf8_unicode_ci DEFAULT NULL,
  PRIMARY KEY (`id`),
  UNIQUE KEY `utoconsult_blog_sluggable_idx` (`slug`)
) ENGINE=InnoDB DEFAULT CHARSET=utf8 COLLATE=utf8_unicode_ci AUTO_INCREMENT=1 ;

--
-- 转存表中的数据 `utoconsult_blog`
--


-- --------------------------------------------------------

--
-- 表的结构 `utoconsult_blog_comment`
--

CREATE TABLE IF NOT EXISTS `utoconsult_blog_comment` (
  `id` bigint(20) NOT NULL AUTO_INCREMENT,
  `blog_id` bigint(20) NOT NULL,
  `user_id` bigint(20) NOT NULL,
  `content` longblob NOT NULL,
  `created_at` datetime NOT NULL,
  `updated_at` datetime NOT NULL,
  PRIMARY KEY (`id`),
  KEY `blog_id_idx` (`blog_id`)
) ENGINE=InnoDB DEFAULT CHARSET=utf8 COLLATE=utf8_unicode_ci AUTO_INCREMENT=1 ;

--
-- 转存表中的数据 `utoconsult_blog_comment`
--


-- --------------------------------------------------------

--
-- 表的结构 `utoconsult_city`
--

CREATE TABLE IF NOT EXISTS `utoconsult_city` (
  `id` bigint(20) NOT NULL AUTO_INCREMENT,
  `cityid` bigint(20) NOT NULL,
  `city` varchar(255) COLLATE utf8_unicode_ci NOT NULL,
  `fatherid` bigint(20) NOT NULL,
  PRIMARY KEY (`id`),
  KEY `fatherid_idx` (`fatherid`)
) ENGINE=InnoDB  DEFAULT CHARSET=utf8 COLLATE=utf8_unicode_ci AUTO_INCREMENT=346 ;

--
-- 转存表中的数据 `utoconsult_city`
--

INSERT INTO `utoconsult_city` (`id`, `cityid`, `city`, `fatherid`) VALUES
(1, 110100, '市辖区', 110000),
(2, 110200, '县', 110000),
(3, 120100, '市辖区', 120000),
(4, 120200, '县', 120000),
(5, 130100, '石家庄市', 130000),
(6, 130200, '唐山市', 130000),
(7, 130300, '秦皇岛市', 130000),
(8, 130400, '邯郸市', 130000),
(9, 130500, '邢台市', 130000),
(10, 130600, '保定市', 130000),
(11, 130700, '张家口市', 130000),
(12, 130800, '承德市', 130000),
(13, 130900, '沧州市', 130000),
(14, 131000, '廊坊市', 130000),
(15, 131100, '衡水市', 130000),
(16, 140100, '太原市', 140000),
(17, 140200, '大同市', 140000),
(18, 140300, '阳泉市', 140000),
(19, 140400, '长治市', 140000),
(20, 140500, '晋城市', 140000),
(21, 140600, '朔州市', 140000),
(22, 140700, '晋中市', 140000),
(23, 140800, '运城市', 140000),
(24, 140900, '忻州市', 140000),
(25, 141000, '临汾市', 140000),
(26, 141100, '吕梁市', 140000),
(27, 150100, '呼和浩特市', 150000),
(28, 150200, '包头市', 150000),
(29, 150300, '乌海市', 150000),
(30, 150400, '赤峰市', 150000),
(31, 150500, '通辽市', 150000),
(32, 150600, '鄂尔多斯市', 150000),
(33, 150700, '呼伦贝尔市', 150000),
(34, 150800, '巴彦淖尔市', 150000),
(35, 150900, '乌兰察布市', 150000),
(36, 152200, '兴安盟', 150000),
(37, 152500, '锡林郭勒盟', 150000),
(38, 152900, '阿拉善盟', 150000),
(39, 210100, '沈阳市', 210000),
(40, 210200, '大连市', 210000),
(41, 210300, '鞍山市', 210000),
(42, 210400, '抚顺市', 210000),
(43, 210500, '本溪市', 210000),
(44, 210600, '丹东市', 210000),
(45, 210700, '锦州市', 210000),
(46, 210800, '营口市', 210000),
(47, 210900, '阜新市', 210000),
(48, 211000, '辽阳市', 210000),
(49, 211100, '盘锦市', 210000),
(50, 211200, '铁岭市', 210000),
(51, 211300, '朝阳市', 210000),
(52, 211400, '葫芦岛市', 210000),
(53, 220100, '长春市', 220000),
(54, 220200, '吉林市', 220000),
(55, 220300, '四平市', 220000),
(56, 220400, '辽源市', 220000),
(57, 220500, '通化市', 220000),
(58, 220600, '白山市', 220000),
(59, 220700, '松原市', 220000),
(60, 220800, '白城市', 220000),
(61, 222400, '延边朝鲜族自治州', 220000),
(62, 230100, '哈尔滨市', 230000),
(63, 230200, '齐齐哈尔市', 230000),
(64, 230300, '鸡西市', 230000),
(65, 230400, '鹤岗市', 230000),
(66, 230500, '双鸭山市', 230000),
(67, 230600, '大庆市', 230000),
(68, 230700, '伊春市', 230000),
(69, 230800, '佳木斯市', 230000),
(70, 230900, '七台河市', 230000),
(71, 231000, '牡丹江市', 230000),
(72, 231100, '黑河市', 230000),
(73, 231200, '绥化市', 230000),
(74, 232700, '大兴安岭地区', 230000),
(75, 310100, '市辖区', 310000),
(76, 310200, '县', 310000),
(77, 320100, '南京市', 320000),
(78, 320200, '无锡市', 320000),
(79, 320300, '徐州市', 320000),
(80, 320400, '常州市', 320000),
(81, 320500, '苏州市', 320000),
(82, 320600, '南通市', 320000),
(83, 320700, '连云港市', 320000),
(84, 320800, '淮安市', 320000),
(85, 320900, '盐城市', 320000),
(86, 321000, '扬州市', 320000),
(87, 321100, '镇江市', 320000),
(88, 321200, '泰州市', 320000),
(89, 321300, '宿迁市', 320000),
(90, 330100, '杭州市', 330000),
(91, 330200, '宁波市', 330000),
(92, 330300, '温州市', 330000),
(93, 330400, '嘉兴市', 330000),
(94, 330500, '湖州市', 330000),
(95, 330600, '绍兴市', 330000),
(96, 330700, '金华市', 330000),
(97, 330800, '衢州市', 330000),
(98, 330900, '舟山市', 330000),
(99, 331000, '台州市', 330000),
(100, 331100, '丽水市', 330000),
(101, 340100, '合肥市', 340000),
(102, 340200, '芜湖市', 340000),
(103, 340300, '蚌埠市', 340000),
(104, 340400, '淮南市', 340000),
(105, 340500, '马鞍山市', 340000),
(106, 340600, '淮北市', 340000),
(107, 340700, '铜陵市', 340000),
(108, 340800, '安庆市', 340000),
(109, 341000, '黄山市', 340000),
(110, 341100, '滁州市', 340000),
(111, 341200, '阜阳市', 340000),
(112, 341300, '宿州市', 340000),
(113, 341400, '巢湖市', 340000),
(114, 341500, '六安市', 340000),
(115, 341600, '亳州市', 340000),
(116, 341700, '池州市', 340000),
(117, 341800, '宣城市', 340000),
(118, 350100, '福州市', 350000),
(119, 350200, '厦门市', 350000),
(120, 350300, '莆田市', 350000),
(121, 350400, '三明市', 350000),
(122, 350500, '泉州市', 350000),
(123, 350600, '漳州市', 350000),
(124, 350700, '南平市', 350000),
(125, 350800, '龙岩市', 350000),
(126, 350900, '宁德市', 350000),
(127, 360100, '南昌市', 360000),
(128, 360200, '景德镇市', 360000),
(129, 360300, '萍乡市', 360000),
(130, 360400, '九江市', 360000),
(131, 360500, '新余市', 360000),
(132, 360600, '鹰潭市', 360000),
(133, 360700, '赣州市', 360000),
(134, 360800, '吉安市', 360000),
(135, 360900, '宜春市', 360000),
(136, 361000, '抚州市', 360000),
(137, 361100, '上饶市', 360000),
(138, 370100, '济南市', 370000),
(139, 370200, '青岛市', 370000),
(140, 370300, '淄博市', 370000),
(141, 370400, '枣庄市', 370000),
(142, 370500, '东营市', 370000),
(143, 370600, '烟台市', 370000),
(144, 370700, '潍坊市', 370000),
(145, 370800, '济宁市', 370000),
(146, 370900, '泰安市', 370000),
(147, 371000, '威海市', 370000),
(148, 371100, '日照市', 370000),
(149, 371200, '莱芜市', 370000),
(150, 371300, '临沂市', 370000),
(151, 371400, '德州市', 370000),
(152, 371500, '聊城市', 370000),
(153, 371600, '滨州市', 370000),
(154, 371700, '荷泽市', 370000),
(155, 410100, '郑州市', 410000),
(156, 410200, '开封市', 410000),
(157, 410300, '洛阳市', 410000),
(158, 410400, '平顶山市', 410000),
(159, 410500, '安阳市', 410000),
(160, 410600, '鹤壁市', 410000),
(161, 410700, '新乡市', 410000),
(162, 410800, '焦作市', 410000),
(163, 410900, '濮阳市', 410000),
(164, 411000, '许昌市', 410000),
(165, 411100, '漯河市', 410000),
(166, 411200, '三门峡市', 410000),
(167, 411300, '南阳市', 410000),
(168, 411400, '商丘市', 410000),
(169, 411500, '信阳市', 410000),
(170, 411600, '周口市', 410000),
(171, 411700, '驻马店市', 410000),
(172, 420100, '武汉市', 420000),
(173, 420200, '黄石市', 420000),
(174, 420300, '十堰市', 420000),
(175, 420500, '宜昌市', 420000),
(176, 420600, '襄樊市', 420000),
(177, 420700, '鄂州市', 420000),
(178, 420800, '荆门市', 420000),
(179, 420900, '孝感市', 420000),
(180, 421000, '荆州市', 420000),
(181, 421100, '黄冈市', 420000),
(182, 421200, '咸宁市', 420000),
(183, 421300, '随州市', 420000),
(184, 422800, '恩施土家族苗族自治州', 420000),
(185, 429000, '省直辖行政单位', 420000),
(186, 430100, '长沙市', 430000),
(187, 430200, '株洲市', 430000),
(188, 430300, '湘潭市', 430000),
(189, 430400, '衡阳市', 430000),
(190, 430500, '邵阳市', 430000),
(191, 430600, '岳阳市', 430000),
(192, 430700, '常德市', 430000),
(193, 430800, '张家界市', 430000),
(194, 430900, '益阳市', 430000),
(195, 431000, '郴州市', 430000),
(196, 431100, '永州市', 430000),
(197, 431200, '怀化市', 430000),
(198, 431300, '娄底市', 430000),
(199, 433100, '湘西土家族苗族自治州', 430000),
(200, 440100, '广州市', 440000),
(201, 440200, '韶关市', 440000),
(202, 440300, '深圳市', 440000),
(203, 440400, '珠海市', 440000),
(204, 440500, '汕头市', 440000),
(205, 440600, '佛山市', 440000),
(206, 440700, '江门市', 440000),
(207, 440800, '湛江市', 440000),
(208, 440900, '茂名市', 440000),
(209, 441200, '肇庆市', 440000),
(210, 441300, '惠州市', 440000),
(211, 441400, '梅州市', 440000),
(212, 441500, '汕尾市', 440000),
(213, 441600, '河源市', 440000),
(214, 441700, '阳江市', 440000),
(215, 441800, '清远市', 440000),
(216, 441900, '东莞市', 440000),
(217, 442000, '中山市', 440000),
(218, 445100, '潮州市', 440000),
(219, 445200, '揭阳市', 440000),
(220, 445300, '云浮市', 440000),
(221, 450100, '南宁市', 450000),
(222, 450200, '柳州市', 450000),
(223, 450300, '桂林市', 450000),
(224, 450400, '梧州市', 450000),
(225, 450500, '北海市', 450000),
(226, 450600, '防城港市', 450000),
(227, 450700, '钦州市', 450000),
(228, 450800, '贵港市', 450000),
(229, 450900, '玉林市', 450000),
(230, 451000, '百色市', 450000),
(231, 451100, '贺州市', 450000),
(232, 451200, '河池市', 450000),
(233, 451300, '来宾市', 450000),
(234, 451400, '崇左市', 450000),
(235, 460100, '海口市', 460000),
(236, 460200, '三亚市', 460000),
(237, 469000, '省直辖县级行政单位', 460000),
(238, 500100, '市辖区', 500000),
(239, 500200, '县', 500000),
(240, 500300, '市', 500000),
(241, 510100, '成都市', 510000),
(242, 510300, '自贡市', 510000),
(243, 510400, '攀枝花市', 510000),
(244, 510500, '泸州市', 510000),
(245, 510600, '德阳市', 510000),
(246, 510700, '绵阳市', 510000),
(247, 510800, '广元市', 510000),
(248, 510900, '遂宁市', 510000),
(249, 511000, '内江市', 510000),
(250, 511100, '乐山市', 510000),
(251, 511300, '南充市', 510000),
(252, 511400, '眉山市', 510000),
(253, 511500, '宜宾市', 510000),
(254, 511600, '广安市', 510000),
(255, 511700, '达州市', 510000),
(256, 511800, '雅安市', 510000),
(257, 511900, '巴中市', 510000),
(258, 512000, '资阳市', 510000),
(259, 513200, '阿坝藏族羌族自治州', 510000),
(260, 513300, '甘孜藏族自治州', 510000),
(261, 513400, '凉山彝族自治州', 510000),
(262, 520100, '贵阳市', 520000),
(263, 520200, '六盘水市', 520000),
(264, 520300, '遵义市', 520000),
(265, 520400, '安顺市', 520000),
(266, 522200, '铜仁地区', 520000),
(267, 522300, '黔西南布依族苗族自治州', 520000),
(268, 522400, '毕节地区', 520000),
(269, 522600, '黔东南苗族侗族自治州', 520000),
(270, 522700, '黔南布依族苗族自治州', 520000),
(271, 530100, '昆明市', 530000),
(272, 530300, '曲靖市', 530000),
(273, 530400, '玉溪市', 530000),
(274, 530500, '保山市', 530000),
(275, 530600, '昭通市', 530000),
(276, 530700, '丽江市', 530000),
(277, 530800, '思茅市', 530000),
(278, 530900, '临沧市', 530000),
(279, 532300, '楚雄彝族自治州', 530000),
(280, 532500, '红河哈尼族彝族自治州', 530000),
(281, 532600, '文山壮族苗族自治州', 530000),
(282, 532800, '西双版纳傣族自治州', 530000),
(283, 532900, '大理白族自治州', 530000),
(284, 533100, '德宏傣族景颇族自治州', 530000),
(285, 533300, '怒江傈僳族自治州', 530000),
(286, 533400, '迪庆藏族自治州', 530000),
(287, 540100, '拉萨市', 540000),
(288, 542100, '昌都地区', 540000),
(289, 542200, '山南地区', 540000),
(290, 542300, '日喀则地区', 540000),
(291, 542400, '那曲地区', 540000),
(292, 542500, '阿里地区', 540000),
(293, 542600, '林芝地区', 540000),
(294, 610100, '西安市', 610000),
(295, 610200, '铜川市', 610000),
(296, 610300, '宝鸡市', 610000),
(297, 610400, '咸阳市', 610000),
(298, 610500, '渭南市', 610000),
(299, 610600, '延安市', 610000),
(300, 610700, '汉中市', 610000),
(301, 610800, '榆林市', 610000),
(302, 610900, '安康市', 610000),
(303, 611000, '商洛市', 610000),
(304, 620100, '兰州市', 620000),
(305, 620200, '嘉峪关市', 620000),
(306, 620300, '金昌市', 620000),
(307, 620400, '白银市', 620000),
(308, 620500, '天水市', 620000),
(309, 620600, '武威市', 620000),
(310, 620700, '张掖市', 620000),
(311, 620800, '平凉市', 620000),
(312, 620900, '酒泉市', 620000),
(313, 621000, '庆阳市', 620000),
(314, 621100, '定西市', 620000),
(315, 621200, '陇南市', 620000),
(316, 622900, '临夏回族自治州', 620000),
(317, 623000, '甘南藏族自治州', 620000),
(318, 630100, '西宁市', 630000),
(319, 632100, '海东地区', 630000),
(320, 632200, '海北藏族自治州', 630000),
(321, 632300, '黄南藏族自治州', 630000),
(322, 632500, '海南藏族自治州', 630000),
(323, 632600, '果洛藏族自治州', 630000),
(324, 632700, '玉树藏族自治州', 630000),
(325, 632800, '海西蒙古族藏族自治州', 630000),
(326, 640100, '银川市', 640000),
(327, 640200, '石嘴山市', 640000),
(328, 640300, '吴忠市', 640000),
(329, 640400, '固原市', 640000),
(330, 640500, '中卫市', 640000),
(331, 650100, '乌鲁木齐市', 650000),
(332, 650200, '克拉玛依市', 650000),
(333, 652100, '吐鲁番地区', 650000),
(334, 652200, '哈密地区', 650000),
(335, 652300, '昌吉回族自治州', 650000),
(336, 652700, '博尔塔拉蒙古自治州', 650000),
(337, 652800, '巴音郭楞蒙古自治州', 650000),
(338, 652900, '阿克苏地区', 650000),
(339, 653000, '克孜勒苏柯尔克孜自治州', 650000),
(340, 653100, '喀什地区', 650000),
(341, 653200, '和田地区', 650000),
(342, 654000, '伊犁哈萨克自治州', 650000),
(343, 654200, '塔城地区', 650000),
(344, 654300, '阿勒泰地区', 650000),
(345, 659000, '省直辖行政单位', 650000);

-- --------------------------------------------------------

--
-- 表的结构 `utoconsult_company`
--

CREATE TABLE IF NOT EXISTS `utoconsult_company` (
  `id` bigint(20) NOT NULL AUTO_INCREMENT,
  `companyname` varchar(100) COLLATE utf8_unicode_ci NOT NULL,
  `user_id` bigint(20) NOT NULL,
  `level` bigint(20) DEFAULT NULL,
  `moneytime` date DEFAULT NULL,
  `active` tinyint(1) DEFAULT '1',
  `slug` varchar(255) COLLATE utf8_unicode_ci DEFAULT NULL,
  PRIMARY KEY (`id`),
  UNIQUE KEY `companyname` (`companyname`),
  UNIQUE KEY `user_id` (`user_id`),
  UNIQUE KEY `utoconsult_company_sluggable_idx` (`slug`)
) ENGINE=InnoDB DEFAULT CHARSET=utf8 COLLATE=utf8_unicode_ci AUTO_INCREMENT=1 ;

--
-- 转存表中的数据 `utoconsult_company`
--


-- --------------------------------------------------------

--
-- 表的结构 `utoconsult_company_information`
--

CREATE TABLE IF NOT EXISTS `utoconsult_company_information` (
  `id` bigint(20) NOT NULL AUTO_INCREMENT,
  `company_id` bigint(20) NOT NULL,
  `special` varchar(30) COLLATE utf8_unicode_ci DEFAULT NULL,
  `description` text COLLATE utf8_unicode_ci,
  `email` varchar(255) COLLATE utf8_unicode_ci DEFAULT NULL,
  `fix` bigint(20) DEFAULT NULL,
  `country` varchar(30) COLLATE utf8_unicode_ci DEFAULT NULL,
  `province` varchar(30) COLLATE utf8_unicode_ci DEFAULT NULL,
  `city` varchar(30) COLLATE utf8_unicode_ci DEFAULT NULL,
  `address` varchar(255) COLLATE utf8_unicode_ci DEFAULT NULL,
  `web` varchar(255) COLLATE utf8_unicode_ci DEFAULT NULL,
  `created_at` datetime NOT NULL,
  `updated_at` datetime NOT NULL,
  PRIMARY KEY (`id`),
  UNIQUE KEY `company_id` (`company_id`),
  UNIQUE KEY `email` (`email`),
  KEY `company_id_idx` (`company_id`)
) ENGINE=InnoDB DEFAULT CHARSET=utf8 COLLATE=utf8_unicode_ci AUTO_INCREMENT=1 ;

--
-- 转存表中的数据 `utoconsult_company_information`
--


-- --------------------------------------------------------

--
-- 表的结构 `utoconsult_company_profile_photo`
--

CREATE TABLE IF NOT EXISTS `utoconsult_company_profile_photo` (
  `id` bigint(20) NOT NULL AUTO_INCREMENT,
  `company_id` bigint(20) NOT NULL,
  `photo` varchar(100) COLLATE utf8_unicode_ci DEFAULT NULL,
  `photoicon` varchar(100) COLLATE utf8_unicode_ci DEFAULT NULL,
  `created_at` datetime NOT NULL,
  `updated_at` datetime NOT NULL,
  PRIMARY KEY (`id`),
  UNIQUE KEY `company_id` (`company_id`),
  KEY `company_id_idx` (`company_id`)
) ENGINE=InnoDB DEFAULT CHARSET=utf8 COLLATE=utf8_unicode_ci AUTO_INCREMENT=1 ;

--
-- 转存表中的数据 `utoconsult_company_profile_photo`
--


-- --------------------------------------------------------

--
-- 表的结构 `utoconsult_follow`
--

CREATE TABLE IF NOT EXISTS `utoconsult_follow` (
  `id` bigint(20) NOT NULL AUTO_INCREMENT,
  `followerid` bigint(20) NOT NULL,
  `leaderid` bigint(20) NOT NULL,
  `created_at` datetime NOT NULL,
  `updated_at` datetime NOT NULL,
  PRIMARY KEY (`id`)
) ENGINE=InnoDB DEFAULT CHARSET=utf8 COLLATE=utf8_unicode_ci AUTO_INCREMENT=1 ;

--
-- 转存表中的数据 `utoconsult_follow`
--


-- --------------------------------------------------------

--
-- 表的结构 `utoconsult_message`
--

CREATE TABLE IF NOT EXISTS `utoconsult_message` (
  `id` bigint(20) NOT NULL AUTO_INCREMENT,
  `email` varchar(255) COLLATE utf8_unicode_ci NOT NULL,
  `fromid` bigint(20) NOT NULL,
  `toid` bigint(20) NOT NULL,
  `content` longblob NOT NULL,
  `isread` tinyint(1) DEFAULT '0',
  `created_at` datetime NOT NULL,
  `updated_at` datetime NOT NULL,
  PRIMARY KEY (`id`)
) ENGINE=InnoDB DEFAULT CHARSET=utf8 COLLATE=utf8_unicode_ci AUTO_INCREMENT=1 ;

--
-- 转存表中的数据 `utoconsult_message`
--


-- --------------------------------------------------------

--
-- 表的结构 `utoconsult_my_article`
--

CREATE TABLE IF NOT EXISTS `utoconsult_my_article` (
  `id` bigint(20) NOT NULL AUTO_INCREMENT,
  `category2_id` bigint(20) NOT NULL,
  `keywords` varchar(255) COLLATE utf8_unicode_ci DEFAULT NULL,
  `title` varchar(255) COLLATE utf8_unicode_ci NOT NULL,
  `content` longblob NOT NULL,
  `user_id` bigint(20) NOT NULL,
  `visitnumber` bigint(20) DEFAULT NULL,
  `comment` tinyint(1) DEFAULT '1',
  `level` varchar(255) COLLATE utf8_unicode_ci NOT NULL,
  `created_at` datetime NOT NULL,
  `updated_at` datetime NOT NULL,
  `slug` varchar(255) COLLATE utf8_unicode_ci DEFAULT NULL,
  PRIMARY KEY (`id`),
  UNIQUE KEY `utoconsult_my_article_sluggable_idx` (`slug`),
  KEY `category2_id_idx` (`category2_id`),
  KEY `user_id_idx` (`user_id`)
) ENGINE=InnoDB  DEFAULT CHARSET=utf8 COLLATE=utf8_unicode_ci AUTO_INCREMENT=8 ;

--
-- 转存表中的数据 `utoconsult_my_article`
--

INSERT INTO `utoconsult_my_article` (`id`, `category2_id`, `keywords`, `title`, `content`, `user_id`, `visitnumber`, `comment`, `level`, `created_at`, `updated_at`, `slug`) VALUES
(3, 6, '脏垃圾话干扰', '曝皇帝低迷因特里垃圾话:你未婚妻和你妈都被XX了', 0x3c64697620636c6173733d22617274496e666f22207374796c653d22746578742d616c69676e3a2063656e7465723b223e3c7370616e2069643d226172745f736f75726365223e3c6120687265663d22687474703a2f2f73706f7274732e73696e612e636f6d2e636e2f223e687474703a2f2f73706f7274732e73696e612e636f6d2e636e3c2f613e3c2f7370616e3e266e6273703b266e6273703b3c7370616e2069643d227075625f64617465223e32303131e5b9b43036e69c883132e697a531353a33313c2f7370616e3e266e6273703b266e6273703b3c7370616e2069643d226d656469615f6e616d65223e3c7370616e207374796c653d22636f6c6f723a20236132303031303b223ee696b0e6b5aae4bd93e882b23c2f7370616e3e3c2f7370616e3e3c2f6469763e0d0a3c64697620636c6173733d22696d675f77726170706572223e3c696d67207372633d22687474703a2f2f69322e73696e61696d672e636e2f74792f6b2f323031312d30362d31322f553230323850365431324435363136343634463434445432303131303631323135333430322e6a70672220616c743d224d544fe78886e69699e7a7b0e8a9b9e5a786e696afe698afe8a2abe789b9e9878ce79a84e882aee8848fe59e83e59cbee8af9de5b9b2e689b022202f3e3c7370616e20636c6173733d22696d675f6465736372223e4d544fe78886e69699e7a7b0e8a9b9e5a786e696afe698afe8a2abe789b9e9878ce79a84e882aee8848fe59e83e59cbee8af9de5b9b2e689b03c2f7370616e3e3c2f6469763e0d0a3c703ee38080e38080e696b0e6b5aae4bd93e882b2e8aeafe38080e58c97e4baace697b6e997b436e69c883132e697a520e680bbe586b3e8b59be4bba5e69da5efbc8ce59bb4e7bb95e79d80e783ade781abe69c80e5a4a7e79a84e79691e997aee5b0b1e698afe58b92e5b883e69c972de8a9b9e5a786e696afe4b8bae4bb80e4b988e68993e5be97e4b880e782b9e78886e58f91e680a7e983bde6b2a1e69c89efbc8ce8bf99e58e9fe69cace4b88de698afe4bb96e5ba94e69c89e79a84e6b0b4e58786e38082e7bb8fe8bf87e4b880e4ba9be585abe58da6e5aa92e4bd93e78886e69699efbc8ce8afb4e8a9b9e5a786e696afe79a84266c6471756f3be5908ee999a226726471756f3be79d8020e781abe4ba86efbc8ce8afb4e4bb96e79a84e69caae5a99ae5a6bbe4b88ee588abe4babae581b7e68385efbc8ce8bf99e4b8aae58e9fe59ba0e8aea9e8a9b9e5a786e696afe78ab6e68081e4bd8ee8bfb7e38082e4b88de8bf87e68dae4d544fe69c80e696b0e68fade7a798efbc8ce8bf99e4ba9be6b581e8a880e7ab9fe784b6e587bae887aae5b08fe7899be79083e59198e4b98be58fa3efbc81e8bf99e4b8aae4babae5b0b1e698afe69db0e6a3ae2de789b9e9878cefbc8ce698afe4bb96e882aee8848fe79a84e59e83e59cbe20e8af9de68993e587bbe4ba86e8a9b9e5a786e696afe79a84e5bf83e79086e998b2e7babfe380823c2f703e0d0a3c703ee38080e38080e78886e69699e79a844d544fe58ebbe5b9b4e69bbee7bb8fe9a696e58588e69b9de587bae8a9b9e5a786e696afe79a84e5a688e5a688e6a0bce7bd97e588a9e4ba9ae4b88ee5beb7e99a86e789b92de99fa6e696afe789b9e79a84e69585e4ba8be38082e4b88de8bf87e4bb8ae6aca1e4bb96e4bbace7ab99e59ca8e4ba86e79a87e5b89de8bf99e8beb9efbc8ce4bb96e4bbace4bb8ee4b880e4bd8de8bf88e998bfe5af86e783ade781abe9989fe58685e68890e5919828e58fafe883bde698afe79083e59198e4b99fe58fafe883bde698afe5b7a5e4bd9ce4babae5919829e5be97e588b0e6b688e681afefbc8ce7a7b0e789b9e9878ce79a84e59e83e59cbee8af9de698afe8a9b9e5a786e696afe4bd8ee8bfb7e79a84e7bdaae9ad81e7a5b8e9a696e380823c2f703e0d0a3c703ee38080e380803c7374726f6e673ee9809ae8bf87e8bf99e4bd8de58685e7babfe4babae5a3abefbc8ce68891e4bbace4ba86e8a7a3e588b0e789b9e9878ce59e83e59cbee8af9de79a84e983a8e58886e58685e5aeb9efbc8ce7ae80e79bb4e4b88de5a0aae585a5e880b3efbc8ce8808ce4b894e79bb8e5bd93e697a0e889afe38082e68daee7a7b0efbc8ce789b9e9878ce59ca8e6af94e8b59be4b8ade4b880e697a6e68ea5e8bf91e8a9b9e5a786e696afe4bebfe4bc9ae694bee587bae4bb96e79a84266c6471756f3be5a4a7e68b9b26726471756f3be38082e4bb96e5afb9e8a9b9e5a786e696afe8afb4efbc9a266c6471756f3be4bda0e79a84e69caae5a99ae5a6bbe890a8e793a6e5a89c28e5b883e69e97e6a3ae29e8a2abe588abe79a84e79083e59198e5b9b2e4ba86e38082e4bda0e79a84e5a688e5a688e4b99fe8a2abe4babae5b9b2e4ba86e3808226726471756f3b3c2f7374726f6e673e3c2f703e0d0a3c703ee38080e380803c7374726f6e673ee98197e686bee79a84e698afefbc8ce8bf99e7a78de4b88de98193e5beb7e79a84e8afade8a880e7a1aee5ae9ee5b9b2e689b0e4ba86e8a9b9e5a786e696afe38082e79a87e5b89de79a84e9989fe58f8be8afb4efbc9a266c6471756f3be8a9b9e5a786e696afe58fafe883bd28e7949ae887b329e79bb8e4bfa1e4ba86e789b9e9878ce8afb4e79a84e4b880e4ba9be8af9defbc8ce68980e4bba5e5afb9e4bb96e79a84e6af94e8b59be4baa7e7949fe4ba86e5bdb1e5938de3808226726471756f3b3c2f7374726f6e673e3c2f703e0d0a3c703ee38080e38080e5bd93e784b6efbc8ce6af94e8b59be7bb93e69e9ce698afe99da0e79083e59cbae8a1a8e78eb0e586b3e5ae9ae79a84efbc8ce8a9b9e5a786e696afe58f97e588b0e5b9b2e689b0efbc8ce887aae8baabe4b99fe698afe69c89e58e9fe59ba0e79a84e38082e4bb96e4b88de883bde5868de79bb8e4bfa1e8bf99e4ba9be8af9de4ba86efbc8ce8a681e5838fe880b3e69781e9a38ee4b880e6a0b7e5bf98e68e89e982a3e4ba9be8af9defbc8ce8808ce4b893e6b3a8e4ba8ee6af94e8b59be380823c2f703e0d0a3c703ee38080e38080e88194e683b3e588b0e5b08fe7899be4b88ee6b996e4babae68993e58d8ae586b3e8b59be69c9fe997b4efbc8ce6b996e4babae5b0b1e69bbee4b88de696ade78886e587bae7b1bbe4bcbce8b49fe99da2e6b688e681afefbc8ce58588e698afe4bf9de7bd972de58aa0e7b4a2e5b094e4b88ee79bb8e6818be5a49ae5b9b4e79a84e5a5b3e58f8be58886e6898befbc8ce8bf9be8808ce78886e69699e698afe69f90e9989fe58f8be79a84e5a6bbe5ad90e68b86e695a3e4ba86e4bb96e4bbacefbc8ce784b620e5908ee5be97e587bae8bf99e4b8aae4babae698afe7a791e6af942de5b883e88eb1e681a9e789b9e79a84e88081e5a986e793a6e5a6aee88e8ee38082e69bb4e7a6bbe5a587e79a84e698afefbc8ce69c80e5908ee58f88e587bae78eb0e4ba86e9a699e4beac2de5b883e69c97e4b88ee58aa0e7b4a2e5b094e5a5b3e58f8be581b7e68385e79a84e7bbafe997bbe38082e6b094e5be97e5b883e69c97e59ca8e5beaee58d9ae4b88ae59091e4b896e7958ce5aea3e5b883efbc9ae4bb8ee69caae4b88ee58aa0e7b4a2e5b094e79a84e5a5b320e58f8be58f91e7949fe8bf87e585b3e7b3bbe38082e8808ce58aa0e7b4a2e5b094e5928ce5a5b3e58f8be78eb0e59ca8e5a682e4bd95efbc9fe698a8e5a4a9e4b8a4e4babae8bf98e59ca8e6b8b8e88987e4b88ae4bab2e5af86e69992e5a4aae998b3e380823c2f703e, 1, 0, 1, '1', '2011-06-12 21:28:46', '2011-06-14 18:56:35', '9336ebf25087d91c818ee6e9ec29f8c1');
INSERT INTO `utoconsult_my_article` (`id`, `category2_id`, `keywords`, `title`, `content`, `user_id`, `visitnumber`, `comment`, `level`, `created_at`, `updated_at`, `slug`) VALUES
(4, 47, '优拓 网站 改版', '优拓网站改版方案设计要求（第四版）haha', 0x3c703e266e6273703b3c2f703e0d0a3c7020636c6173733d224d736f4e6f726d616c22207374796c653d22746578742d616c69676e3a2063656e7465723b2220616c69676e3d2263656e746572223e3c7370616e206c616e673d22454e2d5553223e32303130303530383c2f7370616e3e3c2f703e0d0a3c7020636c6173733d224d736f4e6f726d616c22207374796c653d226d617267696e2d6c6566743a2032372e373570743b20746578742d696e64656e743a202d32372e373570743b223e3c7374726f6e673e3c7370616e207374796c653d22666f6e742d73697a653a20313470743b20666f6e742d66616d696c793a20e9bb91e4bd933b22206c616e673d22454e2d5553223e3c7370616e3ee4b880efbc8c3c7370616e207374796c653d22666f6e743a20377074202754696d6573204e657720526f6d616e273b223e266e6273703b266e6273703b203c2f7370616e3e3c2f7370616e3e3c2f7370616e3e3c2f7374726f6e673e3c7374726f6e673e3c7370616e207374796c653d22666f6e742d73697a653a20313470743b20666f6e742d66616d696c793a20e9bb91e4bd933b223ee7bd91e7ab99e5908de7a7b0e694b9e58f983c2f7370616e3e3c2f7374726f6e673e3c7370616e207374796c653d22666f6e742d66616d696c793a20e5ae8be4bd933b223eefbc9a3c2f7370616e3e3c7370616e206c616e673d22454e2d5553223e3c7370616e3e266e6273703b266e6273703b266e6273703b266e6273703b266e6273703b266e6273703b203c2f7370616e3e3c2f7370616e3e3c2f703e0d0a3c7020636c6173733d224d736f4e6f726d616c22207374796c653d226d617267696e2d6c6566743a20363370743b20746578742d696e64656e743a20323170743b223e3c7374726f6e673e3c7370616e207374796c653d22666f6e742d66616d696c793a20e5ae8be4bd933b206261636b67726f756e643a206e6f6e6520726570656174207363726f6c6c20302520302520236439643964393b223ee4bc98e68b93e5b7a5e7a88be68a80e69cafe592a8e8afa23c2f7370616e3e3c2f7374726f6e673e3c7370616e207374796c653d22666f6e742d66616d696c793a20e5ae8be4bd933b223eefbc88e4b8ade69687e694b9e4b8bae68a80e69cafe9a1bee997aee98082e5ba94e99da2e69bb4e5b9bfe6b39befbc893c2f7370616e3e3c2f703e0d0a3c7020636c6173733d224d736f4e6f726d616c223e3c7370616e206c616e673d22454e2d5553223e3c7370616e3e266e6273703b266e6273703b266e6273703b266e6273703b266e6273703b266e6273703b266e6273703b266e6273703b266e6273703b266e6273703b266e6273703b266e6273703b266e6273703b266e6273703b266e6273703b203c2f7370616e3e3c7374726f6e673e3c7370616e207374796c653d226261636b67726f756e643a206e6f6e6520726570656174207363726f6c6c20302520302520236439643964393b223e55544f20456e67696e656572696e672044657369676e696e6720436f6e73756c74696e673c2f7370616e3e3c2f7374726f6e673e3c2f7370616e3e3c2f703e0d0a3c7020636c6173733d224d736f4e6f726d616c223e3c7370616e206c616e673d22454e2d5553223e266e6273703b3c2f7370616e3e3c2f703e0d0a3c7020636c6173733d224d736f4e6f726d616c22207374796c653d226d617267696e2d6c6566743a2032372e373570743b20746578742d696e64656e743a202d32372e373570743b223e3c7374726f6e673e3c7370616e207374796c653d22666f6e742d73697a653a20313470743b20666f6e742d66616d696c793a20e9bb91e4bd933b22206c616e673d22454e2d5553223e3c7370616e3ee4ba8cefbc8c3c7370616e207374796c653d22666f6e743a20377074202754696d6573204e657720526f6d616e273b223e266e6273703b266e6273703b203c2f7370616e3e3c2f7370616e3e3c2f7370616e3e3c2f7374726f6e673e3c7374726f6e673e3c7370616e207374796c653d22666f6e742d73697a653a20313470743b20666f6e742d66616d696c793a20e9bb91e4bd933b223ee7bd91e7ab99e69eb6e69e843c2f7370616e3e3c2f7374726f6e673e3c7370616e207374796c653d22666f6e742d66616d696c793a20e5ae8be4bd933b223eefbc9a3c2f7370616e3e3c7370616e206c616e673d22454e2d5553223e3c7370616e3e266e6273703b266e6273703b266e6273703b203c2f7370616e3e3c2f7370616e3e3c2f703e0d0a3c7020636c6173733d224d736f4e6f726d616c22207374796c653d226d617267696e2d6c6566743a2031303570743b20746578742d696e64656e743a20323170743b223e3c7370616e207374796c653d22666f6e742d66616d696c793a20e5ae8be4bd933b223ee7bd91e7ab99e4b8bbe78988e99da2efbc88e7b1bbe4bcbce8bf87e58ebbe79a84e4bc98e68b93e7bd91e7ab99efbc89efbc9b3c2f7370616e3e3c2f703e0d0a3c7020636c6173733d224d736f4e6f726d616c22207374796c653d226d617267696e2d6c6566743a2031303570743b20746578742d696e64656e743a20323170743b223e3c7370616e207374796c653d22666f6e742d66616d696c793a20e5ae8be4bd933b223ee589afe5888ae78988e99da2efbc883c7370616e207374796c653d226261636b67726f756e643a206e6f6e6520726570656174207363726f6c6c20302520302520236439643964393b223ee7b1bbe4bcbce4ba92e58aa8e8aebae59d9b3c2f7370616e3eefbc89e380823c2f7370616e3e3c2f703e0d0a3c7020636c6173733d224d736f4e6f726d616c223e3c7370616e206c616e673d22454e2d5553223e266e6273703b3c2f7370616e3e3c2f703e0d0a3c7020636c6173733d224d736f4e6f726d616c223e3c7374726f6e673e3c7370616e207374796c653d22666f6e742d73697a653a20313470743b20666f6e742d66616d696c793a20e9bb91e4bd933b223ee4b889efbc8ce4b8bbe78988e78988e99da2e8aebee8aea1e58f82e880833c2f7370616e3e3c2f7374726f6e673e3c7370616e207374796c653d22666f6e742d66616d696c793a20e5ae8be4bd933b223eefbc9a3c2f7370616e3e3c7370616e206c616e673d22454e2d5553223e3c7370616e3e266e6273703b266e6273703b266e6273703b266e6273703b266e6273703b266e6273703b203c2f7370616e3e3c2f7370616e3e3c2f703e0d0a3c7020636c6173733d224d736f4e6f726d616c22207374796c653d226d617267696e2d6c6566743a20363370743b20746578742d696e64656e743a20323170743b223e3c7370616e207374796c653d22666f6e742d66616d696c793a20e5ae8be4bd933b206261636b67726f756e643a206e6f6e6520726570656174207363726f6c6c20302520302520236439643964393b223ee7919ee5868de7bd913c2f7370616e3e3c7370616e207374796c653d22666f6e742d66616d696c793a20e5ae8be4bd933b223eefbc883c2f7370616e3e3c7370616e206c616e673d22454e2d5553223e5757572e535749535352452e434f4d3c2f7370616e3e3c7370616e207374796c653d22666f6e742d66616d696c793a20e5ae8be4bd933b223eefbc89e79a84e78988e99da2e5b883e5b180e8aebee8aea1e79a84e889bae69cafe680a7efbc8ce4b880e7baa7e79baee5bd95efbc8ce4ba8ce7baa7e79baee5bd953c2f7370616e3e3c2f703e0d0a3c7020636c6173733d224d736f4e6f726d616c22207374796c653d226d617267696e2d6c6566743a20363370743b20746578742d696e64656e743a20323170743b223e3c7370616e207374796c653d22666f6e742d66616d696c793a20e5ae8be4bd933b206261636b67726f756e643a206e6f6e6520726570656174207363726f6c6c20302520302520236439643964393b223ee68595e5868de7bd913c2f7370616e3e3c7370616e207374796c653d22666f6e742d66616d696c793a20e5ae8be4bd933b223eefbc883c2f7370616e3e3c7370616e206c616e673d22454e2d5553223e5757572e4d554e49434852452e434f4d3c2f7370616e3e3c7370616e207374796c653d22666f6e742d66616d696c793a20e5ae8be4bd933b223eefbc89e79a84e4b88be68b89e5bc8fe88f9ce58d953c2f7370616e3e3c2f703e0d0a3c7020636c6173733d224d736f4e6f726d616c223e3c7370616e206c616e673d22454e2d5553223e266e6273703b3c2f7370616e3e3c2f703e0d0a3c7020636c6173733d224d736f4e6f726d616c223e3c7374726f6e673e3c7370616e207374796c653d22666f6e742d73697a653a20313470743b20666f6e742d66616d696c793a20e9bb91e4bd933b223ee59b9befbc8ce4b8bbe78988e8aebee8aea1e58685e5aeb93c2f7370616e3e3c2f7374726f6e673e3c7370616e207374796c653d22666f6e742d66616d696c793a20e5ae8be4bd933b223eefbc9a3c2f7370616e3e3c2f703e0d0a3c7020636c6173733d224d736f4e6f726d616c223e3c7370616e206c616e673d22454e2d5553223e3c7370616e3e266e6273703b266e6273703b266e6273703b266e6273703b266e6273703b266e6273703b203c2f7370616e3e3c2f7370616e3e3c2f703e0d0a3c7020636c6173733d224d736f4e6f726d616c22207374796c653d22746578742d696e64656e743a2033312e3570743b223e3c7370616e206c616e673d22454e2d5553223e313c2f7370616e3e3c7370616e207374796c653d22666f6e742d66616d696c793a20e5ae8be4bd933b223eefbc8ce7ab99e586853c7370616e207374796c653d226261636b67726f756e643a206e6f6e6520726570656174207363726f6c6c20302520302520236439643964393b223ee6909ce7b4a23c2f7370616e3ee8aebee59ca8e7ab99e5908de79a84e4b8bbe78988e79a84e68aace5a4b4e6a08fe4b8ade38082e4b8bbe78988e79a84e68aace5a4b4e6a08fe4b88de8aebee7bdaee697a5e69c9fe697b6e997b4e7ad89e38082e7919ee5868de79a84e7bd91e7ab99e68a8a3c7370616e207374796c653d226261636b67726f756e643a206e6f6e6520726570656174207363726f6c6c20302520302520236439643964393b223ee6b3a8e5868ce5928ce799bbe5bd953c2f7370616e3ee8aebee59ca8e68aace5a4b4e6a08fe4b8adefbc8ce5a682e782b9e587bb3c2f7370616e3e3c7370616e206c616e673d22454e2d5553223e4c4f47494e3c2f7370616e3e3c7370616e207374796c653d22666f6e742d66616d696c793a20e5ae8be4bd933b223eefbc8ce8bf9be585a5e4b880e4b8aae58d95e78bace79a84e6b3a8e5868ce58f8ae799bbe5bd95e7bd91e9a1b5e38082e8bf99e6a0b7e58fafe4bba5e4bf9de68c81e9a696e9a1b5e38081e4b880e7baa7e79baee5bd95e9a1b5e38081e4ba8ce7baa7e79baee5bd95e9a1b5e79a84e695b4e4bd93e8aebee8aea1e8a784e88c83efbc8ce4b88de4bc9ae7bb8fe5b8b8e8a681e694b9e58f98e9a1b5e99da2e8aebee8aea1efbc8ce69c89e4ba9be4bd8de7bdaee5b0bae5afb8e4ba92e79bb8e5bdb1e5938de380823c2f7370616e3e3c2f703e0d0a3c7020636c6173733d224d736f4e6f726d616c223e3c7370616e206c616e673d22454e2d5553223e266e6273703b3c2f7370616e3e3c2f703e0d0a3c7020636c6173733d224d736f4e6f726d616c223e3c7370616e206c616e673d22454e2d5553223e3c696d67207372633d2266696c653a2f2f2f433a2f55736572732f71696e6368656e672f417070446174612f4c6f63616c2f54656d702f6d736f68746d6c636c6970312f30312f636c69705f696d6167653030312e6a70672220616c743d22222077696474683d2236303122206865696768743d2231323922202f3e3c2f7370616e3e3c2f703e0d0a3c7020636c6173733d224d736f4e6f726d616c22207374796c653d22746578742d616c69676e3a206c6566743b20746578742d696e64656e743a2033312e3570743b2220616c69676e3d226c656674223e3c7370616e206c616e673d22454e2d5553223e266e6273703b3c2f7370616e3e3c2f703e0d0a3c7020636c6173733d224d736f4e6f726d616c22207374796c653d22746578742d616c69676e3a206c6566743b20746578742d696e64656e743a2033312e3570743b2220616c69676e3d226c656674223e3c7370616e206c616e673d22454e2d5553223e266e6273703b3c2f7370616e3e3c2f703e0d0a3c7020636c6173733d224d736f4e6f726d616c22207374796c653d22746578742d616c69676e3a206c6566743b20746578742d696e64656e743a2033312e3570743b2220616c69676e3d226c656674223e3c7370616e207374796c653d22666f6e742d66616d696c793a20e5ae8be4bd933b223ee58f82e880833c7370616e207374796c653d226261636b67726f756e643a206e6f6e6520726570656174207363726f6c6c20302520302520236439643964393b223ee68595e5868de7bd91e7ab99e68aace5a4b4e6a08f3c2f7370616e3ee8aebee8aea1efbc8ce68a8ae6909ce7b4a2e6a186e694bee59ca8e58fb3e8beb93c2f7370616e3e3c7370616e3e203c7370616e207374796c653d22626f726465723a2031707420736f6c69642077696e646f77746578743b2070616464696e673a2030636d3b206261636b67726f756e643a206e6f6e6520726570656174207363726f6c6c20302520302520236439643964393b22206c616e673d22454e2d5553223e536561726368203c2f7370616e3e3c2f7370616e3e3c2f703e0d0a3c7020636c6173733d224d736f4e6f726d616c223e3c7370616e206c616e673d22454e2d5553223e3c696d67207372633d2266696c653a2f2f2f433a2f55736572732f71696e6368656e672f417070446174612f4c6f63616c2f54656d702f6d736f68746d6c636c6970312f30312f636c69705f696d6167653030322e6a70672220616c743d22222077696474683d2235343922206865696768743d2231333122202f3e3c2f7370616e3e3c2f703e0d0a3c7020636c6173733d224d736f4e6f726d616c223e3c7370616e206c616e673d22454e2d5553223e266e6273703b3c2f7370616e3e3c2f703e0d0a3c7020636c6173733d224d736f4e6f726d616c223e3c7370616e206c616e673d22454e2d5553223e266e6273703b3c2f7370616e3e3c2f703e0d0a3c7020636c6173733d224d736f4e6f726d616c223e3c7370616e206c616e673d22454e2d5553223e323c2f7370616e3e3c7370616e207374796c653d22666f6e742d66616d696c793a20e5ae8be4bd933b223eefbc8ce59ca8e7bd91e7ab99e4b8bbe789883c2f7370616e3e3c7370616e206c616e673d22454e2d5553223e484f4d453c2f7370616e3e3c7370616e207374796c653d22666f6e742d66616d696c793a20e5ae8be4bd933b223ee4b8ade79a84e698bee7a4bae79a84e4b880e7baa7e79baee5bd95efbc9a3c2f7370616e3e3c2f703e0d0a3c7020636c6173733d224d736f4e6f726d616c223e3c7370616e206c616e673d22454e2d5553223e3c7370616e3e266e6273703b266e6273703b203c2f7370616e3e3c2f7370616e3e3c7370616e207374796c653d22666f6e742d66616d696c793a20e5ae8be4bd933b223ee4b88de4bdbfe794a83c7370616e207374796c653d226261636b67726f756e643a206e6f6e6520726570656174207363726f6c6c20302520302520236439643964393b223ee7bd91e7ab99e5afbce888aa3c2f7370616e3ee79a84e5ad97e6a0b7efbc8ce4bdbfe794a83c7374726f6e673e3c7370616e207374796c653d22636f6c6f723a207265643b206261636b67726f756e643a206e6f6e6520726570656174207363726f6c6c20302520302520236439643964393b223ee7bd91e7ab99e68c87e5bc953c2f7370616e3e3c2f7374726f6e673ee38082e5a682e69e9c266c6471756f3be5afbce888aa26726471756f3be698afe7b3bbe7bb9fe887aae5b8a6e69687e5ad97efbc8ce4b88de883bde694b9e58f98e4b99fe58fafe4bba5e7bba7e7bbade4bdbfe794a8e38082e5ae9ee99985e8bf99e5b0b1e698afe4b880e4b8aae680bbe79baee5bd95efbc8ce58fafe4bba5e88a82e79c81e68e89e380823c2f7370616e3e3c2f703e0d0a3c7020636c6173733d224d736f4e6f726d616c223e3c7370616e206c616e673d22454e2d5553223e266e6273703b3c2f7370616e3e3c2f703e0d0a3c7020636c6173733d224d736f4e6f726d616c22207374796c653d22746578742d696e64656e743a2031352e373570743b223e3c7370616e207374796c653d22666f6e742d66616d696c793a20e5ae8be4bd933b223ee7acace4b880e4b8aae4b880e7baa7e79baee5bd95e68c89e992aee8aebee4b8ba266c6471756f3b3c7374726f6e673e3c7370616e207374796c653d22636f6c6f723a207265643b206261636b67726f756e643a206e6f6e6520726570656174207363726f6c6c20302520302520236439643964393b223ee7bd91e7ab99e68c87e5bc953c2f7370616e3e3c2f7374726f6e673e26726471756f3befbc8ce782b9e587bbe5908eefbc8ce587bae78eb03c7370616e207374796c653d226261636b67726f756e643a206e6f6e6520726570656174207363726f6c6c20302520302520236439643964393b223ee4b88be68b89e5bc8fe88f9ce58d953c2f7370616e3ee380823c2f7370616e3e3c2f703e0d0a3c7020636c6173733d224d736f4e6f726d616c22207374796c653d22746578742d696e64656e743a2032312e373570743b223e3c7370616e206c616e673d22454e2d5553223e3c696d67207372633d2266696c653a2f2f2f433a2f55736572732f71696e6368656e672f417070446174612f4c6f63616c2f54656d702f6d736f68746d6c636c6970312f30312f636c69705f696d6167653030332e6a70672220616c743d22222077696474683d2239333522206865696768743d22363422202f3e3c2f7370616e3e3c2f703e0d0a3c7020636c6173733d224d736f4e6f726d616c223e3c7370616e206c616e673d22454e2d5553223e3c7370616e3e266e6273703b3c2f7370616e3e3c2f7370616e3e3c2f703e0d0a3c7020636c6173733d224d736f4e6f726d616c223e3c7370616e206c616e673d22454e2d5553223e266e6273703b3c2f7370616e3e3c2f703e0d0a3c7020636c6173733d224d736f4e6f726d616c223e3c7370616e206c616e673d22454e2d5553223e333c2f7370616e3e3c7370616e207374796c653d22666f6e742d66616d696c793a20e5ae8be4bd933b223eefbc8ce696b0e7bd91e7ab99e6a08fe79baee8aebee8aea1e58fafe4bba5e5a682e4b88befbc9a3c2f7370616e3e3c2f703e0d0a3c7020636c6173733d224d736f4e6f726d616c22207374796c653d22746578742d696e64656e743a2031352e373570743b223e3c7370616e207374796c653d22666f6e742d66616d696c793a20e5ae8be4bd933b223ee7bd91e7ab99e68c87e5bc95efbc9be5b7a5e7a88be8aebee8aea1efbc9be5b7a5e889bae8aebee8aea1efbc9be9a1b9e79baee7aea1e79086efbc9be5b7a5e7a88be69d90e69699efbc9be79bb8e585b3e8aebee5a487efbc9be8a784e88c83e6a087e58786efbc9be4b893e4b89ae69cafe8afadefbc9b3c2f7370616e3e3c2f703e0d0a3c7020636c6173733d224d736f4e6f726d616c22207374796c653d22746578742d696e64656e743a20323170743b223e3c7370616e207374796c653d22666f6e742d66616d696c793a20e5ae8be4bd933b223ee4ba92e68f90e4bfa1e681afefbc88e79bb8e5bd93e4ba8ee4ba92e58aa8e8aebae59d9befbc89e380823c2f7370616e3e3c2f703e0d0a3c7020636c6173733d224d736f4e6f726d616c22207374796c653d22746578742d696e64656e743a20323170743b223e3c7370616e206c616e673d22454e2d5553223e266e6273703b3c2f7370616e3e3c2f703e0d0a3c7020636c6173733d224d736f4e6f726d616c223e3c7374726f6e673e3c7370616e207374796c653d22666f6e742d73697a653a20313470743b20666f6e742d66616d696c793a20e9bb91e4bd933b223ee4ba94efbc8ce4b8bbe78988e79a84e4b880e7baa7e79baee5bd95e4bba5e58f8ae4b88be590abe79a84e4ba8ce7baa7e79baee5bd953c2f7370616e3e3c2f7374726f6e673e3c7370616e207374796c653d22666f6e742d66616d696c793a20e5ae8be4bd933b223eefbc9a3c2f7370616e3e3c2f703e0d0a3c7020636c6173733d224d736f4e6f726d616c223e3c7370616e206c616e673d22454e2d5553223e313c2f7370616e3e3c7370616e207374796c653d22666f6e742d66616d696c793a20e5ae8be4bd933b223eefbc8c3c2f7370616e3e3c7370616e206c616e673d22454e2d5553223e3c7370616e3e266e6273703b203c2f7370616e3e3c2f7370616e3e3c7370616e207374796c653d22666f6e742d66616d696c793a20e5ae8be4bd933b206261636b67726f756e643a206e6f6e6520726570656174207363726f6c6c20302520302520236439643964393b223ee5b7a5e7a88be8aebee8aea13c2f7370616e3e3c7370616e207374796c653d22666f6e742d66616d696c793a20e5ae8be4bd933b223e26726172723be5b7a5e4b89ae5bbbae7ad91efbc9be6b091e794a8e5bbbae7ad91efbc9be5bbbae7ad91e7bb93e69e84efbc9be586b7e5ba93e5bbbae7ad91efbc9be588b6e586b7e8aebee8aea1efbc9be88a82e883bde68a80e69cafefbc9be8aebee8aea1e7bb8fe9aa8c3c2f7370616e3e3c2f703e0d0a3c7020636c6173733d224d736f4e6f726d616c22207374796c653d226d617267696e2d6c6566743a2037312e3970743b20746578742d696e64656e743a202d37312e3970743b223e3c7370616e206c616e673d22454e2d5553223e3c7370616e3e32efbc8c3c7370616e207374796c653d22666f6e743a20377074202754696d6573204e657720526f6d616e273b223e266e6273703b266e6273703b266e6273703b266e6273703b266e6273703b266e6273703b266e6273703b266e6273703b266e6273703b266e6273703b266e6273703b266e6273703b266e6273703b266e6273703b266e6273703b266e6273703b266e6273703b266e6273703b266e6273703b266e6273703b266e6273703b266e6273703b266e6273703b266e6273703b266e6273703b266e6273703b266e6273703b266e6273703b266e6273703b266e6273703b266e6273703b266e6273703b266e6273703b266e6273703b266e6273703b266e6273703b266e6273703b203c2f7370616e3e3c2f7370616e3e3c2f7370616e3e3c7370616e207374796c653d22666f6e742d66616d696c793a20e5ae8be4bd933b206261636b67726f756e643a206e6f6e6520726570656174207363726f6c6c20302520302520236439643964393b223ee5b7a5e889bae8aebee8aea13c2f7370616e3e3c7370616e207374796c653d22666f6e742d66616d696c793a20e5ae8be4bd933b223e26726172723be588b6e586b7e5b7a5e889baefbc9b3c2f7370616e3e3c2f703e0d0a3c7020636c6173733d224d736f4e6f726d616c22207374796c653d22746578742d696e64656e743a2037332e3570743b223e3c7370616e207374796c653d22666f6e742d66616d696c793a20e5ae8be4bd933b223ee9a39fe59381e5b7a5e889baefbc88e88289e7b1bbe58aa0e5b7a5efbc9be7a6bde7b1bbe58aa0e5b7a5efbc9be6b0b4e4baa7e58aa0e5b7a5efbc9be69e9ce894ace58aa0e5b7a5efbc9be7869fe9a39fe58aa0e5b7a5efbc9be9809fe586bbe9a39fe59381e58aa0e5b7a5efbc89efbc9b3c2f7370616e3e3c2f703e0d0a3c7020636c6173733d224d736f4e6f726d616c22207374796c653d22746578742d696e64656e743a2037332e3570743b223e3c7370616e207374796c653d22666f6e742d66616d696c793a20e5ae8be4bd933b223eefbc88e5b086e69da5e8bf98e4bc9ae69c89e585b6e5ae83e8a18ce4b89ae79a84e5b7a5e889bae8aebee8aea1efbc893c2f7370616e3e3c2f703e0d0a3c7020636c6173733d224d736f4e6f726d616c223e3c7370616e206c616e673d22454e2d5553223e333c2f7370616e3e3c7370616e207374796c653d22666f6e742d66616d696c793a20e5ae8be4bd933b223eefbc8c3c2f7370616e3e3c7370616e207374796c653d22666f6e742d66616d696c793a20e5ae8be4bd933b206261636b67726f756e643a206e6f6e6520726570656174207363726f6c6c20302520302520236439643964393b223ee9a1b9e79baee7aea1e790863c2f7370616e3e3c7370616e207374796c653d22666f6e742d66616d696c793a20e5ae8be4bd933b223e26726172723be9a1b9e79baee5898de69c9fefbc9be68b9be6a087e69687e4bbb6efbc9be59088e5908ce6a0b7e69cacefbc9be6b395e8a784e8a784e5ae9aefbc9be5b7a5e7a88be7bb8fe6b58eefbc9be9a38ee999a9e7aea1e79086efbc9be5b7a5e7a88be4bf9de999a9efbc9be5b7a5e7a88be4bf9de587bd3c2f7370616e3e3c2f703e0d0a3c7020636c6173733d224d736f4e6f726d616c223e3c7370616e206c616e673d22454e2d5553223e343c7370616e3e266e6273703b266e6273703b203c2f7370616e3e3c2f7370616e3e3c7370616e207374796c653d22666f6e742d66616d696c793a20e5ae8be4bd933b206261636b67726f756e643a206e6f6e6520726570656174207363726f6c6c20302520302520236439643964393b223ee5b7a5e7a88be69d90e696993c2f7370616e3e3c7370616e207374796c653d22666f6e742d66616d696c793a20e5ae8be4bd933b223e26726172723be998b2e6b0b4e69d90e69699efbc9be4bf9de6b8a9e69d90e69699efbc9be998b2e781abe69d90e69699efbc9be5af86e5b081e69d90e69699efbc9be59cb0e99da2e69d90e69699efbc9be5bbbae7ad91e6b682e69699efbc9be8a385e9a5b0e69d90e69699efbc9be5b995e5a299e69d90e69699efbc9b3c2f7370616e3e3c2f703e0d0a3c7020636c6173733d224d736f4e6f726d616c223e3c7370616e206c616e673d22454e2d5553223e3c7370616e3e266e6273703b266e6273703b266e6273703b266e6273703b266e6273703b266e6273703b266e6273703b266e6273703b266e6273703b266e6273703b266e6273703b266e6273703b266e6273703b203c2f7370616e3e3c2f7370616e3e3c7370616e207374796c653d22666f6e742d66616d696c793a20e5ae8be4bd933b223ee8bdbbe992a2e7bb93e69e84efbc9be98791e5b19ee5b18be99da2efbc9be789b9e7a78de69d90e696993c2f7370616e3e3c2f703e0d0a3c7020636c6173733d224d736f4e6f726d616c22207374796c653d226d617267696e2d6c6566743a2037332e3570743b20746578742d696e64656e743a202d37332e3570743b223e3c7370616e206c616e673d22454e2d5553223e353c7370616e3e266e6273703b266e6273703b203c2f7370616e3e3c2f7370616e3e3c7370616e207374796c653d22666f6e742d66616d696c793a20e5ae8be4bd933b206261636b67726f756e643a206e6f6e6520726570656174207363726f6c6c20302520302520236439643964393b223ee79bb8e585b3e8aebee5a4873c2f7370616e3e3c7370616e207374796c653d22666f6e742d66616d696c793a20e5ae8be4bd933b223e26726172723be794b5e6b094e8aebee5a487efbc9be7bb99e68e92e6b0b4e8aebee5a487efbc9be69a96e9809ae7a9bae8b083efbc9be6b688e998b2e8aebee5a487efbc9be5ae89e998b2e8aebee5a487efbc9be588b6e586b7e8aebee5a487efbc9be586b7e8978fe997a8efbc9be59cb0e99da2e998b2e586bbe58aa0e783adefbc9be586b7e8978fe789a9e6b581e8aebee5a487efbc9be8b4a7e69eb6efbc9be794b5e6a2afefbc9be5a4aae998b3e883bde8aebee5a4873c2f7370616e3e3c2f703e0d0a3c7020636c6173733d224d736f4e6f726d616c22207374796c653d226d617267696e2d6c6566743a20302e3170743b223e3c7370616e206c616e673d22454e2d5553223e363c7370616e3e266e6273703b266e6273703b203c2f7370616e3e3c2f7370616e3e3c7370616e207374796c653d22666f6e742d66616d696c793a20e5ae8be4bd933b206261636b67726f756e643a206e6f6e6520726570656174207363726f6c6c20302520302520236439643964393b223ee8a784e88c83e6a087e587863c2f7370616e3e3c7370616e207374796c653d22666f6e742d66616d696c793a20e5ae8be4bd933b223e26726172723be5bbbae7ad91e8aebee8aea1e8a784e88c83efbc9be5bbbae7ad91e998b2e781abe8aebee8aea1e8a784e88c83efbc9be7bb93e69e84e8aebee8aea1e8a784e88c83efbc9be586b7e5ba93e5bbbae7ad91e8aebee8aea1e8a784e88c83efbc9b3c2f7370616e3e3c2f703e0d0a3c7020636c6173733d224d736f4e6f726d616c22207374796c653d22746578742d696e64656e743a2037332e3570743b223e3c7370616e207374796c653d22666f6e742d66616d696c793a20e5ae8be4bd933b223ee585b6e5ae83e8aebee5a487e4b893e4b89ae8aebee8aea1e8a784e88c83efbc9be9a39fe59381e8a784e88c833c2f7370616e3e3c2f703e0d0a3c7020636c6173733d224d736f4e6f726d616c22207374796c653d226d617267696e2d6c6566743a2031372e393570743b20746578742d696e64656e743a202d31372e383570743b223e3c7370616e206c616e673d22454e2d5553223e373c2f7370616e3e3c7370616e207374796c653d22666f6e742d66616d696c793a20e5ae8be4bd933b223eefbc8c3c2f7370616e3e3c7370616e207374796c653d22666f6e742d66616d696c793a20e5ae8be4bd933b206261636b67726f756e643a206e6f6e6520726570656174207363726f6c6c20302520302520236439643964393b223ee4b893e4b89ae69cafe8afad3c2f7370616e3e3c7370616e207374796c653d22666f6e742d66616d696c793a20e5ae8be4bd933b223e26726172723be59c9fe5bbbae69cafe8afadefbc9be794b5e6b094e69cafe8afadefbc9be7bb99e6b0b4e68e92e6b0b4e69cafe8afadefbc9be69a96e9809ae7a9bae8b083e69cafe8afadefbc9be78eafe4bf9de69cafe8afadefbc9be883bde6ba90e69cafe8afadefbc9be588b6e586b7e5b7a5e889bae69cafe8afadefbc9be9a39fe59381e5b7a5e889bae69cafe8afadefbc9be68a80e69cafe7bb8fe6b58ee69cafe8afad3c2f7370616e3e3c2f703e0d0a3c7020636c6173733d224d736f4e6f726d616c223e3c7370616e206c616e673d22454e2d5553223e383c2f7370616e3e3c7370616e207374796c653d22666f6e742d66616d696c793a20e5ae8be4bd933b223eefbc8c3c2f7370616e3e3c7370616e206c616e673d22454e2d5553223e3c7370616e3e266e6273703b203c2f7370616e3e3c2f7370616e3e3c7370616e207374796c653d22666f6e742d66616d696c793a20e5ae8be4bd933b206261636b67726f756e643a206e6f6e6520726570656174207363726f6c6c20302520302520236439643964393b223ee4ba92e68f90e4bfa1e681af3c2f7370616e3e3c7370616e207374796c653d22666f6e742d66616d696c793a20e5ae8be4bd933b223e26726172723be8bf9be585a5e7b1bbe4bcbce8aebae59d9be6a0bce5bc8fe79a84e7958ce99da23c2f7370616e3e3c2f703e0d0a3c7020636c6173733d224d736f4e6f726d616c223e3c7370616e206c616e673d22454e2d5553223e266e6273703b3c2f7370616e3e3c2f703e0d0a3c7020636c6173733d224d736f4e6f726d616c223e3c7370616e206c616e673d22454e2d5553223e266e6273703b3c2f7370616e3e3c2f703e0d0a3c7020636c6173733d224d736f4e6f726d616c223e3c7374726f6e673e3c7370616e207374796c653d22666f6e742d73697a653a20313470743b20666f6e742d66616d696c793a20e9bb91e4bd933b223ee585adefbc8ce4b8bbe78988e79a84e78988e99da2e79a84e8aebee8aea1efbc9a3c2f7370616e3e3c2f7374726f6e673e3c2f703e0d0a3c7020636c6173733d224d736f4e6f726d616c22207374796c653d226d617267696e2d6c6566743a20313870743b20746578742d696e64656e743a202d313870743b223e3c7370616e206c616e673d22454e2d5553223e3c7370616e3e31efbc8c3c7370616e207374796c653d22666f6e743a20377074202754696d6573204e657720526f6d616e273b223e266e6273703b203c2f7370616e3e3c2f7370616e3e3c2f7370616e3e3c7370616e207374796c653d22666f6e742d66616d696c793a20e5ae8be4bd933b223ee59ca8e6af8fe4b8aae4b880e7baa7e79baee5bd95e4b88ae8beb9e983bde9858de69c89e4b880e5b985e9809ae995bfe79a84e59bbee78987efbc8ce5a29ee58aa0e78988e99da2e79a84e889bae69cafe6b0b4e58786e38082e4be8be5a682efbc9a3c2f7370616e3e3c2f703e0d0a3c7020636c6173733d224d736f4e6f726d616c22207374796c653d226d617267696e2d6c6566743a202d302e3170743b223e3c7370616e206c616e673d22454e2d5553223e3c696d67207372633d2266696c653a2f2f2f433a2f55736572732f71696e6368656e672f417070446174612f4c6f63616c2f54656d702f6d736f68746d6c636c6970312f30312f636c69705f696d6167653030352e6769662220616c743d22222077696474683d2236343822206865696768743d2231353222202f3e3c2f7370616e3e3c2f703e0d0a3c7020636c6173733d224d736f4e6f726d616c22207374796c653d226d617267696e2d6c6566743a202d302e3170743b223e3c7370616e206c616e673d22454e2d5553223e266e6273703b3c2f7370616e3e3c2f703e0d0a3c7020636c6173733d224d736f4e6f726d616c22207374796c653d226d617267696e2d6c6566743a20313870743b20746578742d696e64656e743a202d313870743b223e3c7370616e206c616e673d22454e2d5553223e3c7370616e3e32efbc8c3c7370616e207374796c653d22666f6e743a20377074202754696d6573204e657720526f6d616e273b223e266e6273703b203c2f7370616e3e3c2f7370616e3e3c2f7370616e3e3c7370616e207374796c653d22666f6e742d66616d696c793a20e5ae8be4bd933b223ee782b9e587bbe8bf9be585a5e4b880e7baa7e79baee5bd953c2f7370616e3e3c7370616e206c616e673d22454e2d5553223e425553494e4553532026616d703b2053455256494345203c2f7370616e3e3c7370616e207374796c653d22666f6e742d66616d696c793a20e5ae8be4bd933b223ee4bba5e5908eefbc8ce78988e99da2e58886e68890e4b889e7ab96e6a08fe78988e99da2efbc8ce5b7a6e8beb9e79a84e7ab96e6a08fe4b8bae4ba8ce7baa7e79baee5bd95e59091e4b88be68e92e58897e380823c2f7370616e3e3c2f703e0d0a3c7020636c6173733d224d736f4e6f726d616c22207374796c653d226d617267696e2d6c6566743a20313870743b223e3c7370616e207374796c653d22666f6e742d66616d696c793a20e5ae8be4bd933b223ee59ca8e4b8ade997b4e79a84e7ab96e6a08fe698afe6af8fe4b8aae4ba8ce7baa7e79baee5bd95e79a84e4bb8be7bb8defbc8ce8bf98e8a681e69c89e4b880e4b8aae5afb8e696b9e79a84e5bda9e889b2e59bbee78987e58f8ae69687e5ad97efbc8ce889b2e5bda9e6b4bbe6b3bce38082e782b9e587bbe5b7a6e8beb9e79a84e4ba8ce7baa7e79baee5bd95e5928ce782b9e587bbe4b8ade997b4e79a84e5afb8e696b9e785a7e78987e698afe4b880e6a0b7e79a84e58a9fe883bdefbc8ce983bde883bde8bf9be585a5e4ba8ce7baa7e79baee5bd95e380823c2f7370616e3e3c2f703e0d0a3c7020636c6173733d224d736f4e6f726d616c22207374796c653d226d617267696e2d6c6566743a20313870743b223e3c7370616e207374796c653d22666f6e742d66616d696c793a20e5ae8be4bd933b223ee59ca8e4b88ae8beb9e79a843c7370616e207374796c653d226261636b67726f756e643a206e6f6e6520726570656174207363726f6c6c20302520302520236439643964393b223ee6a8aae69da1e4b8ade8aebee69c89e8b7afe5be84e68f90e7a4ba3c2f7370616e3eefbc9a3c2f7370616e3e3c7370616e207374796c653d226261636b67726f756e643a206e6f6e6520726570656174207363726f6c6c20302520302520236439643964393b22206c616e673d22454e2d5553223e486f6d652667743b2667743b427573696e6573732026616d703b2053657276696365733c2f7370616e3e3c7370616e207374796c653d22666f6e742d66616d696c793a20e5ae8be4bd933b223ee380823c2f7370616e3e3c2f703e0d0a3c7020636c6173733d224d736f4e6f726d616c223e3c7370616e206c616e673d22454e2d5553223e3c696d67207372633d2266696c653a2f2f2f433a2f55736572732f71696e6368656e672f417070446174612f4c6f63616c2f54656d702f6d736f68746d6c636c6970312f30312f636c69705f696d6167653030372e6a70672220616c743d22222077696474683d2236343322206865696768743d2232313322202f3e3c2f7370616e3e3c2f703e0d0a3c7020636c6173733d224d736f4e6f726d616c223e3c7370616e206c616e673d22454e2d5553223e266e6273703b3c2f7370616e3e3c2f703e0d0a3c7020636c6173733d224d736f4e6f726d616c22207374796c653d226d617267696e2d6c6566743a20313870743b20746578742d696e64656e743a202d313870743b223e3c7370616e206c616e673d22454e2d5553223e3c7370616e3e33efbc8c3c7370616e207374796c653d22666f6e743a20377074202754696d6573204e657720526f6d616e273b223e266e6273703b203c2f7370616e3e3c2f7370616e3e3c2f7370616e3e3c7370616e207374796c653d22666f6e742d66616d696c793a20e5ae8be4bd933b223ee782b9e587bbe8bf9be585a5e4ba8ce7baa7e79baee5bd953c2f7370616e3e3c7370616e206c616e673d22454e2d5553223e494e535552414e43453c2f7370616e3e3c7370616e207374796c653d22666f6e742d66616d696c793a20e5ae8be4bd933b223ee4bba5e5908eefbc8ce5b0b1e6b2a1e69c89e9809ae995bfe79a84e59bbee78987e4ba86e38082e59ca8e5b7a6e8beb9e7ab96e6a08fe6af8fe4b880e4b8aae4b889e7baa7e9a298e79baee59ca8e4b88be8beb9e7bca9e8bf9befbc8ce59ca8e4b8ade997b4e7ab96e6a08fe4b99fe69c89e5afb8e696b9e5bda9e59bbee58f8ae69687e5ad97e38082e6ada4e697b6e8b7afe5be84e68c87e7a4bae68c87e588b0e4ba8ce7baa7e79baee5bd953c2f7370616e3e3c7370616e206c616e673d22454e2d5553223e2667743b2667743b494e535552414e43453c2f7370616e3e3c7370616e207374796c653d22666f6e742d66616d696c793a20e5ae8be4bd933b223ee380823c2f7370616e3e3c2f703e0d0a3c7020636c6173733d224d736f4e6f726d616c223e3c7370616e206c616e673d22454e2d5553223e3c696d67207372633d2266696c653a2f2f2f433a2f55736572732f71696e6368656e672f417070446174612f4c6f63616c2f54656d702f6d736f68746d6c636c6970312f30312f636c69705f696d6167653030392e6769662220616c743d22222077696474683d2236333622206865696768743d2233323222202f3e3c2f7370616e3e3c2f703e0d0a3c7020636c6173733d224d736f4e6f726d616c223e3c7370616e206c616e673d22454e2d5553223e266e6273703b3c2f7370616e3e3c2f703e0d0a3c7020636c6173733d224d736f4e6f726d616c22207374796c653d226d617267696e2d6c6566743a20313870743b20746578742d696e64656e743a202d313870743b223e3c7370616e206c616e673d22454e2d5553223e3c7370616e3e34efbc8c3c7370616e207374796c653d22666f6e743a20377074202754696d6573204e657720526f6d616e273b223e266e6273703b203c2f7370616e3e3c2f7370616e3e3c2f7370616e3e3c7370616e207374796c653d22666f6e742d66616d696c793a20e5ae8be4bd933b223ee58fb3e8beb9e79a84e7ab96e6a08fefbc8ce8bf99e698afe58d95e78bace7bc96e8be91e79a84e4b880e4b8aae6a08fe79baeefbc8ce69c89e59bbee78987e69c89e69687e7aba0e6a087e9a298efbc88e69c89e8afade8a880e7a78de7b1bbe6a087e6b3a8efbc89efbc8ce782b9e587bbe4bba5e5908eefbc8ce587bae69da5e4b880e69cace6bc82e4baaee79a843c2f7370616e3e3c7370616e206c616e673d22454e2d5553223e5044463c2f7370616e3e3c7370616e207374796c653d22666f6e742d66616d696c793a20e5ae8be4bd933b223ee6a0bce5bc8fe79a84e587bae78988e789a9e38082e8808ce4b894e7bb8fe5b8b8e58f98e58c96e38082e58f82e785a7e8bf99e4ba9be58a9fe883bde79a84e8aebee8aea1e5928ce5b883e7bdaee380823c2f7370616e3e3c2f703e0d0a3c7020636c6173733d224d736f4e6f726d616c223e3c7370616e206c616e673d22454e2d5553223e266e6273703b3c2f7370616e3e3c2f703e0d0a3c7020636c6173733d224d736f4e6f726d616c22207374796c653d226d617267696e2d6c6566743a20313870743b20746578742d696e64656e743a202d313870743b223e3c7370616e206c616e673d22454e2d5553223e3c7370616e3e35efbc8c3c7370616e207374796c653d22666f6e743a20377074202754696d6573204e657720526f6d616e273b223e266e6273703b203c2f7370616e3e3c2f7370616e3e3c2f7370616e3e3c7370616e207374796c653d22666f6e742d66616d696c793a20e5ae8be4bd933b223ee696b0e694b9e79a84e4b8bbe78988e5ba94e8afa5e69c89e88bb1e69687e7958ce99da2e380823c7370616e207374796c653d226261636b67726f756e643a206e6f6e6520726570656174207363726f6c6c20302520302520236439643964393b223ee4b8ade997b4e79a84e7ab96e6a08f3c2f7370616e3ee4b880e888ace58faae5888ae799bbe69687e7aba0e79a84e69198e8a681efbc8ce68891e4bbace58fafe4bba5e5b086e4b8ade69687e79a843c7370616e207374796c653d226261636b67726f756e643a206e6f6e6520726570656174207363726f6c6c20302520302520236439643964393b223ee69687e7aba0e69198e8a6813c2f7370616e3ee7bfbbe8af91e68890e88bb1e69687e38082e5a682e69e9ce8afbbe88085e8bf98e8a681e7bba7e7bbade79c8befbc8ce5b0b1e8a681e782b9e587bb3c7370616e207374796c653d226261636b67726f756e643a206e6f6e6520726570656174207363726f6c6c20302520302520236439643964393b223ee58fb3e8beb9e79a84e7ab96e6a08f3c2f7370616e3ee4b8ade79a843c7370616e207374796c653d226261636b67726f756e643a206e6f6e6520726570656174207363726f6c6c20302520302520236439643964393b223ee69687e7aba0e6a087e9a2983c2f7370616e3eefbc88e4b88be8beb9e6b3a8e4b88ae69687e5ad97e7a78de7b1bbefbc89efbc8ce784b6e5908ee8bf9be585a5e4b880e4b8aae4ba8be58588e4b88ae4bca0e5a5bde79a843c2f7370616e3e3c7370616e206c616e673d22454e2d5553223e5044463c2f7370616e3e3c7370616e207374796c653d22666f6e742d66616d696c793a20e5ae8be4bd933b223ee6a0bce5bc8fe79a84e4b8ade69687e69687e4bbb6efbc88e58f82e88083e7919ee5868de7bd91efbc89efbc8ce58fafe4bba5e99885e8afbbefbc8ce4b99fe58fafe4bba5e4b88be8bdbde38082e794b1e4ba8ee59bbde5a496e79a84e794b5e88491e6b2a1e69c89e4b8ade69687e6938de4bd9ce7b3bbe7bb9fefbc8ce5b0b1e4bc9ae587bae78eb0e4b9b1e7a081efbc8ce68980e4bba5e5b086e69caae7bfbbe8af91e79a84e4b8ade69687e69687e69cace8bdace68da2e68890e4b8ba3c2f7370616e3e3c7370616e206c616e673d22454e2d5553223e5044463c2f7370616e3e3c7370616e207374796c653d22666f6e742d66616d696c793a20e5ae8be4bd933b223ee6a0bce5bc8fe4b88ae4bca0e38082e887b3e5b091e5a496e696b9e58fafe4bba5e79c8be588b0e5ae8ce695b4e79a84e4b8ade69687efbc8ce4b88de698afe4b9b1e7a081e380823c2f7370616e3e3c2f703e0d0a3c7020636c6173733d224d736f4e6f726d616c22207374796c653d226d617267696e2d6c6566743a2031372e383570743b223e3c7370616e207374796c653d22666f6e742d66616d696c793a20e5ae8be4bd933b223ee5a682e69e9ce68a8ae695b4e7af87e4b8ade69687e7bfbbe8af91e68890e88bb1e69687e79a84e99abee5baa6e8be83e5a4a7efbc8ce5b7a5e4bd9ce9878fe4b99fe5a4a7efbc8ce8808ce4b894e5aeb9e69893e8a2abe585b6e5ae83e7bd91e7ab99e5858de8b4b9e68bb7e8b5b0e38082e59ba0e6ada4e696b0e78988e7bd91e7ab99e8a681e58f82e88083e7919ee5868de79a84e696b9e6b395efbc8ce58faae7bfbbe8af91e7ae80e79fade79a84e69687e7aba0e69198e8a681e38082efbc88e58fa6e5a496e58f82e8a7813c7370616e207374796c653d226261636b67726f756e643a206e6f6e6520726570656174207363726f6c6c20302520302520236439643964393b223ee68595e5868d3c2f7370616e3ee79a84e7bd91e7ab993c2f7370616e3e3c7370616e206c616e673d22454e2d5553223e7777772e6d756e69636872652e636f6d3c2f7370616e3e3c7370616e207374796c653d22666f6e742d66616d696c793a20e5ae8be4bd933b223eefbc8ce698afe5beb7e8afade5928ce88bb1e8afade58f8ce8afade7a78de4ba92e68da2e69687e69cacefbc8ce5b7a5e4bd9ce9878fe5be88e5a4a7efbc8ce68891e4bbace5819ae4b88de4ba86efbc89e380823c2f7370616e3e3c2f703e0d0a3c7020636c6173733d224d736f4e6f726d616c223e3c7370616e206c616e673d22454e2d5553223e266e6273703b3c2f7370616e3e3c2f703e0d0a3c7020636c6173733d224d736f4e6f726d616c223e3c7370616e206c616e673d22454e2d5553223e363c2f7370616e3e3c7370616e207374796c653d22666f6e742d66616d696c793a20e5ae8be4bd933b223eefbc8ce59ca8e4b8ade997b4e79a84e7ab96e6a08fe799bbe587bae79a84e69687e7aba0e79a84e5ba95e983a8efbc8ce8a681e58aa0e4b88a3c2f7370616e3e3c7370616e206c616e673d22454e2d5553223e204241434b20544f20544f502c203c2f7370616e3e3c7370616e207374796c653d22666f6e742d66616d696c793a20e5ae8be4bd933b223ee59b9ee588b0e9a1b6e983a8e380823c2f7370616e3e3c2f703e0d0a3c7020636c6173733d224d736f4e6f726d616c223e3c7370616e206c616e673d22454e2d5553223e266e6273703b3c2f7370616e3e3c2f703e0d0a3c7020636c6173733d224d736f4e6f726d616c223e3c7370616e206c616e673d22454e2d5553223e373c2f7370616e3e3c7370616e207374796c653d22666f6e742d66616d696c793a20e5ae8be4bd933b223eefbc8c3c7370616e207374796c653d22636f6c6f723a20626c61636b3b223ee695b4e4b8aae78988e99da2e79a84e9a38ee6a0bce889b2e5bda9efbc8ce5ba94e8afa5e698afe5be88e5bcbae8b083e6b885e7baafe6b7a1e99b85e79a84e889b2e8b083efbc8c3c2f7370616e3ee58fafe4bba5e58f82e880833c7370616e207374796c653d22636f6c6f723a20626c61636b3b206261636b67726f756e643a206e6f6e6520726570656174207363726f6c6c20302520302520236439643964393b223ee6b395e888aa3c2f7370616e3ee79a84e889b2e5bda9e5928c3c7370616e207374796c653d22636f6c6f723a20626c61636b3b206261636b67726f756e643a206e6f6e6520726570656174207363726f6c6c20302520302520236439643964393b223ee7919ee5868d3c2f7370616e3ee79a84e9a29ce889b2e9a38ee6a0bce380823c2f7370616e3e3c2f703e0d0a3c7020636c6173733d224d736f4e6f726d616c223e3c7374726f6e673e3c7370616e207374796c653d22666f6e742d73697a653a20313470743b20666f6e742d66616d696c793a20e9bb91e4bd933b223ee4b883efbc8ce8aebae59d9be79a84e8aebee8aea1efbc9a3c2f7370616e3e3c2f7374726f6e673e3c2f703e0d0a3c7020636c6173733d224d736f4e6f726d616c22207374796c653d226d617267696e2d6c6566743a20313870743b20746578742d696e64656e743a202d313870743b223e3c7370616e206c616e673d22454e2d5553223e3c7370616e3e31efbc8c3c7370616e207374796c653d22666f6e743a20377074202754696d6573204e657720526f6d616e273b223e266e6273703b203c2f7370616e3e3c2f7370616e3e3c2f7370616e3e3c7370616e207374796c653d22666f6e742d66616d696c793a20e5ae8be4bd933b223ee59ca8e8aebae59d9be79a84e7acace4b880e4b8aae68c89e992aee4b99fe698af3c7370616e207374796c653d226261636b67726f756e643a206e6f6e6520726570656174207363726f6c6c20302520302520236439643964393b223ee7bd91e7ab99e68c87e5bc953c2f7370616e3ee38082e5a682e69e9ce4b88de698afe5bf85e99c80e8aebee7ab8befbc8ce4b99fe58fafe4bba5e79c81e68e89e5ae83e380823c2f7370616e3e3c2f703e0d0a3c7020636c6173733d224d736f4e6f726d616c22207374796c653d226d617267696e2d6c6566743a20323170743b223e3c7370616e207374796c653d22666f6e742d66616d696c793a20e5ae8be4bd933b223ee8aebae59d9be9a696e9a1b5e4b99fe58fafe79599e79d80e7b1bbe4bcbce4b88ae8beb9e79a84e5b9bfe5918ae4bd8de7bdaee380823c2f7370616e3e3c2f703e0d0a3c7020636c6173733d224d736f4e6f726d616c22207374796c653d226d617267696e2d6c6566743a20323170743b223e3c7370616e207374796c653d22666f6e742d66616d696c793a20e5ae8be4bd933b223ee8aebae59d9be79a84e69da5e8aebfe88085e59fbae69cace983bde698afe4b8ade59bbde4babaefbc8ce79baee5898de58faae794a8e4b8ade69687e5b0b1e8a18ce4ba86e380823c2f7370616e3e3c2f703e0d0a3c7020636c6173733d224d736f4e6f726d616c22207374796c653d226d617267696e2d6c6566743a20323170743b223e3c7370616e207374796c653d22666f6e742d66616d696c793a20e5ae8be4bd933b223ee8aebae59d9be79a84e78988e99da2e4b99fe5ba94e8afa5e58886e4b880e7baa7e79baee5bd95e78988e99da2e6a0bce5bc8fefbc8ce4ba8ce7baa7e79baee5bd95e78988e99da2e6a0bce5bc8fefbc8ce69687e7aba0e78988e99da2e6a0bce5bc8fefbc8ce58fb3e8beb9e8a681e7bb99e79599e59cb0e696b9efbc8ce4bba5e5908ee58fafe4bba5e799bbe5b9bfe5918aefbc8ce68896e88085e58581e8aeb8e58fa4e78b97e4bd9ce4b8bae5b9bfe5918ae58cbae59f9fe380823c2f7370616e3e3c2f703e0d0a3c7020636c6173733d224d736f4e6f726d616c22207374796c653d226d617267696e2d6c6566743a20323170743b223e3c7370616e206c616e673d22454e2d5553223e266e6273703b3c2f7370616e3e3c2f703e0d0a3c7020636c6173733d224d736f4e6f726d616c223e3c7374726f6e673e3c7370616e207374796c653d22666f6e742d73697a653a20313470743b20666f6e742d66616d696c793a20e9bb91e4bd933b22206c616e673d22454e2d5553223e3c696d67207372633d2266696c653a2f2f2f433a2f55736572732f71696e6368656e672f417070446174612f4c6f63616c2f54656d702f6d736f68746d6c636c6970312f30312f636c69705f696d6167653031302e6a70672220616c743d22222077696474683d2238343122206865696768743d2231333022202f3e3c2f7370616e3e3c2f7374726f6e673e3c2f703e0d0a3c7020636c6173733d224d736f4e6f726d616c223e3c7370616e207374796c653d226261636b67726f756e643a206e6f6e6520726570656174207363726f6c6c20302520302520236439643964393b22206c616e673d22454e2d5553223e266e6273703b3c2f7370616e3e3c2f703e0d0a3c7020636c6173733d224d736f4e6f726d616c223e3c7370616e207374796c653d226261636b67726f756e643a206e6f6e6520726570656174207363726f6c6c20302520302520236439643964393b22206c616e673d22454e2d5553223e266e6273703b3c2f7370616e3e3c2f703e0d0a3c7020636c6173733d224d736f4e6f726d616c223e3c7370616e206c616e673d22454e2d5553223e323c2f7370616e3e3c7370616e207374796c653d22666f6e742d66616d696c793a20e5ae8be4bd933b223eefbc8ce8aebee7ab8be4b880e4b8aae7aea1e79086e58cbaefbc8ce58f91e5b883e5b882e59cbae585ace5918aefbc8ce6909ce99b86e5b882e59cbae58f8de9a688e4bfa1e681afe380823c2f7370616e3e3c2f703e0d0a3c7020636c6173733d224d736f4e6f726d616c223e3c7370616e207374796c653d226261636b67726f756e643a206e6f6e6520726570656174207363726f6c6c20302520302520236439643964393b22206c616e673d22454e2d5553223e3c696d67207372633d2266696c653a2f2f2f433a2f55736572732f71696e6368656e672f417070446174612f4c6f63616c2f54656d702f6d736f68746d6c636c6970312f30312f636c69705f696d6167653031312e6a70672220616c743d22222077696474683d2238373522206865696768743d2235363022202f3e3c2f7370616e3e3c2f703e0d0a3c7020636c6173733d224d736f4e6f726d616c223e3c7370616e206c616e673d22454e2d5553223e266e6273703b3c2f7370616e3e3c2f703e0d0a3c7020636c6173733d224d736f4e6f726d616c22207374796c653d226d617267696e2d6c6566743a20323170743b20746578742d696e64656e743a202d323170743b223e3c7370616e206c616e673d22454e2d5553223e3c7370616e3e33efbc8c3c7370616e207374796c653d22666f6e743a20377074202754696d6573204e657720526f6d616e273b223e266e6273703b266e6273703b266e6273703b203c2f7370616e3e3c2f7370616e3e3c2f7370616e3e3c7370616e207374796c653d22666f6e742d66616d696c793a20e5ae8be4bd933b223ee8aebae59d9be79a84e4b880e7baa7e79baee5bd95e5928ce4ba8ce7baa7e79baee5bd95efbc9a3c2f7370616e3e3c2f703e0d0a3c7020636c6173733d224d736f4e6f726d616c22207374796c653d226d617267696e2d6c6566743a20323170743b223e3c7370616e207374796c653d22666f6e742d66616d696c793a20e5ae8be4bd933b223ee68891e4bbace4b88de4bdbfe794a8e7bd91e7ab99e5afbce888aae79a84e5ad97e6a0b7efbc8ce4bdbfe794a83c7374726f6e673e3c7370616e207374796c653d22636f6c6f723a207265643b206261636b67726f756e643a206e6f6e6520726570656174207363726f6c6c20302520302520236439643964393b223ee7bd91e7ab99e68c87e5bc953c2f7370616e3e3c2f7374726f6e673ee38082e5a682e69e9ce698afe7b3bbe7bb9fe887aae5b8a6e79a84e69687e5ad97efbc8ce4b88de694b9e4b99fe58fafe4bba5e380823c2f7370616e3e3c2f703e0d0a3c7020636c6173733d224d736f4e6f726d616c22207374796c653d226d617267696e2d6c6566743a20323170743b223e3c7370616e206c616e673d22454e2d5553223e266e6273703b3c2f7370616e3e3c2f703e0d0a3c7020636c6173733d224d736f4e6f726d616c223e3c7370616e207374796c653d22666f6e742d66616d696c793a20e5ae8be4bd933b206261636b67726f756e643a206e6f6e6520726570656174207363726f6c6c20302520302520236439643964393b223ee7bd91e7ab99e68c87e5bc953c2f7370616e3e3c7370616e207374796c653d22666f6e742d66616d696c793a20e5ae8be4bd933b223eefbc9b3c7370616e207374796c653d226261636b67726f756e643a206e6f6e6520726570656174207363726f6c6c20302520302520236439643964393b223ee8aebae59d9be9a696e9a1b53c2f7370616e3eefbc9b3c7370616e207374796c653d226261636b67726f756e643a206e6f6e6520726570656174207363726f6c6c20302520302520236439643964393b223ee5b7a5e7a88be5b882e59cba3c2f7370616e3eefbc9b3c7370616e207374796c653d226261636b67726f756e643a206e6f6e6520726570656174207363726f6c6c20302520302520236439643964393b223ee6b182e8818ce68b9be881983c2f7370616e3eefbc9b3c7370616e207374796c653d226261636b67726f756e643a206e6f6e6520726570656174207363726f6c6c20302520302520236439643964393b223ee68a80e69cafe4b893e58cba3c2f7370616e3eefbc9b3c7370616e207374796c653d226261636b67726f756e643a206e6f6e6520726570656174207363726f6c6c20302520302520236439643964393b223ee4bf9de999a9e4bf9de587bd3c2f7370616e3eefbc9b3c7370616e207374796c653d226261636b67726f756e643a206e6f6e6520726570656174207363726f6c6c20302520302520236439643964393b223ee7bb8fe6b58ee58f82e880833c2f7370616e3eefbc9b3c7370616e207374796c653d226261636b67726f756e643a206e6f6e6520726570656174207363726f6c6c20302520302520236439643964393b223ee5b8aee58aa93c2f7370616e3eefbc9b3c7370616e207374796c653d226261636b67726f756e643a206e6f6e6520726570656174207363726f6c6c20302520302520236439643964393b223ee6909ce7b4a23c2f7370616e3eefbc9b3c2f7370616e3e3c2f703e0d0a3c7020636c6173733d224d736f4e6f726d616c223e3c7370616e206c616e673d22454e2d5553223e266e6273703b3c2f7370616e3e3c2f703e0d0a3c7020636c6173733d224d736f4e6f726d616c223e3c7370616e207374796c653d22666f6e742d66616d696c793a20e5ae8be4bd933b223ee5b195e5bc80e4bba5e5908ee79a84e4ba8ce7baa7e79baee5bd95e5928ce5ad90e79baee5a682e4b88befbc9aefbc88e585b6e4b8ade5b7a5e7a88be5b882e59cbae698afe69c80e9878de8a681e79a84e983a8e58886efbc893c2f7370616e3e3c2f703e0d0a3c7020636c6173733d224d736f4e6f726d616c223e3c7370616e206c616e673d22454e2d5553223e266e6273703b3c2f7370616e3e3c2f703e0d0a3c7020636c6173733d224d736f4e6f726d616c223e3c7370616e207374796c653d22666f6e742d66616d696c793a20e5ae8be4bd933b206261636b67726f756e643a206e6f6e6520726570656174207363726f6c6c20302520302520236439643964393b223ee5b7a5e7a88be5b882e59cba3c2f7370616e3e3c7370616e207374796c653d22666f6e742d66616d696c793a20e5ae8be4bd933b223e26726172723be5aea4e5a496e993bae7a08ce69d90e69699efbc88e5b9bfe59cbae7a096e8b7afe99da2efbc9be6b0b4e6b3a5e7a096e8b7afe99da2efbc9be4bbbfe79fb3e7a096e8b7afe99da2efbc9be7bcb8e7a096e8b7afe99da2efbc9be79bb2e98193e7a096e8b7afe99da2efbc9be5b58ce88d89e7a096e8b7afe99da2efbc893c2f7370616e3e3c2f703e0d0a3c7020636c6173733d224d736f4e6f726d616c22207374796c653d226d617267696e2d6c6566743a2031323670743b20746578742d696e64656e743a202d31323670743b223e3c7370616e206c616e673d22454e2d5553223e3c7370616e3e266e6273703b266e6273703b266e6273703b266e6273703b266e6273703b203c2f7370616e3e3c7370616e3e266e6273703b266e6273703b266e6273703b266e6273703b3c2f7370616e3e3c2f7370616e3e3c7370616e207374796c653d22666f6e742d66616d696c793a20e5ae8be4bd933b223ee5a496e5a299e8a385e9a5b0e69d90e69699efbc88e5a496e5a299e6b682e69699efbc9be5a496e5a299e99da2e8bdacefbc9be5a496e5a299e79fb3e69d90efbc9be5a48de59088e69dbfefbc9be6a091e88482e69dbfefbc9be98791e5b19ee5b995e5a299efbc9be78ebbe79283e5b995e5a299efbc893c2f7370616e3e3c2f703e0d0a3c7020636c6173733d224d736f4e6f726d616c22207374796c653d226d617267696e2d6c6566743a2031323670743b20746578742d696e64656e743a202d31323670743b223e3c7370616e206c616e673d22454e2d5553223e3c7370616e3e266e6273703b266e6273703b266e6273703b266e6273703b266e6273703b266e6273703b266e6273703b266e6273703b266e6273703b203c2f7370616e3e3c2f7370616e3e3c7370616e207374796c653d22666f6e742d66616d696c793a20e5ae8be4bd933b223ee59cb0e99da2e8a385e9a5b0e69d90e69699efbc88e9a284e588b6e6b0b4e7a3a8e79fb3e59cb0e99da2efbc9be59cb0e99da2e7a096efbc9be79fb3e69d90e59cb0e99da2efbc9be69ca8e59cb0e69dbfefbc9be6b4bbe58aa8e59cb0e69dbfefbc9be6a9a1e883b6e59cb0e69dbfefbc9be8a385e9a5b0e58f8ae88892e98082e680a7e59cb0e99da2efbc9be998b2e99d99e794b5e59cb0e99da2efbc9be998b2e88590e59cb0e99da2efbc9be69d80e88f8ce59cb0e99da2efbc9be8819ae6b0a8e985afe59cb0e99da2efbc9be78eafe6b0a7e59cb0e99da2efbc9be59cb0e99da2e7a1ace58c96e58982efbc893c2f7370616e3e3c2f703e0d0a3c7020636c6173733d224d736f4e6f726d616c22207374796c653d226d617267696e2d6c6566743a2031323670743b20746578742d696e64656e743a202d31323670743b223e3c7370616e206c616e673d22454e2d5553223e3c7370616e3e266e6273703b266e6273703b266e6273703b266e6273703b266e6273703b266e6273703b266e6273703b266e6273703b266e6273703b203c2f7370616e3e3c2f7370616e3e3c7370616e207374796c653d22666f6e742d66616d696c793a20e5ae8be4bd933b223ee58685e5a299e8a385e9a5b0e69d90e69699efbc88e58685e5a299e6b682e69699efbc9be998b2e99c89e6b682e69699efbc9be5a381e7bab8efbc88e5b883efbc89efbc9be5a48de59088e8a385e9a5b0e69dbfefbc9be58685e5a299e99da2e8bdacefbc9be79fb3e69d90efbc9be9939de5a191e69dbfefbc9be98791e5b19ee9a5b0e99da2e69dbfefbc9be6a091e88482e69dbfefbc9be590b8e99fb3e69dbfefbc893c2f7370616e3e3c2f703e0d0a3c7020636c6173733d224d736f4e6f726d616c223e3c7370616e206c616e673d22454e2d5553223e3c7370616e3e266e6273703b266e6273703b266e6273703b266e6273703b266e6273703b266e6273703b266e6273703b266e6273703b266e6273703b203c2f7370616e3e3c2f7370616e3e3c7370616e207374796c653d22666f6e742d66616d696c793a20e5ae8be4bd933b223ee5908ae9a1b6e8a385e9a5b0e69d90e69699efbc88e79fbfe6a389e590b8e99fb3e69dbfefbc9be7a185e985b8e99299e69dbfefbc9be79fb3e8868fe69dbfefbc9b3c2f7370616e3e3c7370616e206c616e673d22454e2d5553223e5056433c2f7370616e3e3c7370616e207374796c653d22666f6e742d66616d696c793a20e5ae8be4bd933b223ee69dbfefbc9be98791e5b19ee69dbfe5908ae9a1b6efbc893c2f7370616e3e3c2f703e0d0a3c7020636c6173733d224d736f4e6f726d616c22207374796c653d226d617267696e2d6c6566743a2031323670743b20746578742d696e64656e743a202d31323670743b223e3c7370616e206c616e673d22454e2d5553223e3c7370616e3e266e6273703b266e6273703b266e6273703b266e6273703b266e6273703b266e6273703b266e6273703b266e6273703b266e6273703b203c2f7370616e3e3c2f7370616e3e3c7370616e207374796c653d22666f6e742d66616d696c793a20e5ae8be4bd933b223ee5b18be99da2e69d90e696993c2f7370616e3e3c7370616e206c616e673d22454e2d5553223e3c7370616e3e266e6273703b266e6273703b266e6273703b203c2f7370616e3e3c2f7370616e3e3c7370616e207374796c653d22666f6e742d66616d696c793a20e5ae8be4bd933b223eefbc88e7a78de6a48de5b18be99da2efbc9be5889ae680a7e998b2e6b0b4e5b18be99da2efbc9be998b2e6b0b4e6b682e69699efbc9be998b2e6b0b4e58db7e69d90efbc9be69eb6e7a9bae69dbfe99a94e783ade5b18be99da2efbc9be793a6e5b18be99da2efbc9be98787e58589e69dbfefbc893c2f7370616e3e3c2f703e0d0a3c7020636c6173733d224d736f4e6f726d616c223e3c7370616e206c616e673d22454e2d5553223e3c7370616e3e266e6273703b266e6273703b266e6273703b266e6273703b266e6273703b266e6273703b266e6273703b266e6273703b266e6273703b203c2f7370616e3e3c2f7370616e3e3c7370616e207374796c653d22666f6e742d66616d696c793a20e5ae8be4bd933b223ee58f98e5bda2e7bc9de69d90e696993c2f7370616e3e3c7370616e206c616e673d22454e2d5553223e3c7370616e3e266e6273703b203c2f7370616e3e3c2f7370616e3e3c7370616e207374796c653d22666f6e742d66616d696c793a20e5ae8be4bd933b223eefbc88e6a5bce38081e59cb0e99da2e58f98e5bda2e7bc9de69d90e69699efbc9be58685e5a299e38081e5908ae9a1b6e58f98e5bda2e7bc9de69d90e69699efbc9be5b18be99da2e58f98e5bda2e7bc9de69d90e69699efbc893c2f7370616e3e3c2f703e0d0a3c7020636c6173733d224d736f4e6f726d616c223e3c7370616e206c616e673d22454e2d5553223e3c7370616e3e266e6273703b266e6273703b266e6273703b266e6273703b266e6273703b266e6273703b266e6273703b266e6273703b266e6273703b203c2f7370616e3e3c2f7370616e3e3c7370616e207374796c653d22666f6e742d66616d696c793a20e5ae8be4bd933b223ee5af86e5b081e69d90e696993c2f7370616e3e3c7370616e206c616e673d22454e2d5553223e3c7370616e3e266e6273703b266e6273703b266e6273703b203c2f7370616e3e3c2f7370616e3e3c7370616e207374796c653d22666f6e742d66616d696c793a20e5ae8be4bd933b223eefbc88e5bbbae7ad91e883b6efbc9be998b2e6b0b4e883b6efbc893c2f7370616e3e3c2f703e0d0a3c7020636c6173733d224d736f4e6f726d616c223e3c7370616e206c616e673d22454e2d5553223e3c7370616e3e266e6273703b266e6273703b266e6273703b266e6273703b266e6273703b266e6273703b266e6273703b266e6273703b266e6273703b203c2f7370616e3e3c2f7370616e3e3c7370616e207374796c653d22666f6e742d66616d696c793a20e5ae8be4bd933b223ee4bf9de6b8a9e99a94e783ade69d90e69699efbc88e8819ae6b0a8e985afefbc9be8819ae88bafefbc9be5b2a9e6a389efbc9be78ebbe79283e4b89de6a389efbc9be585b6e5ae83efbc893c2f7370616e3e3c2f703e0d0a3c7020636c6173733d224d736f4e6f726d616c223e3c7370616e206c616e673d22454e2d5553223e3c7370616e3e266e6273703b266e6273703b266e6273703b266e6273703b266e6273703b266e6273703b266e6273703b266e6273703b266e6273703b203c2f7370616e3e3c2f7370616e3e3c7370616e207374796c653d22666f6e742d66616d696c793a20e5ae8be4bd933b223ee992a2e7bb93e69e843c2f7370616e3e3c7370616e206c616e673d22454e2d5553223e3c7370616e3e266e6273703b266e6273703b266e6273703b266e6273703b266e6273703b203c2f7370616e3e3c2f7370616e3e3c7370616e207374796c653d22666f6e742d66616d696c793a20e5ae8be4bd933b223eefbc88e992a2e69e84e58aa0e5b7a5efbc9be8bdbbe992a2e7bb93e69e84efbc9be998b2e781abe6b682e69699efbc9be98791e5b19ee5a48de59088e5a4b9e5bf83e69dbfefbc893c2f7370616e3e3c2f703e0d0a3c7020636c6173733d224d736f4e6f726d616c223e3c7370616e206c616e673d22454e2d5553223e3c7370616e3e266e6273703b266e6273703b266e6273703b266e6273703b266e6273703b266e6273703b266e6273703b266e6273703b266e6273703b203c2f7370616e3e3c2f7370616e3e3c7370616e207374796c653d22666f6e742d66616d696c793a20e5ae8be4bd933b223ee789b9e7a78de997a8e7aa973c2f7370616e3e3c7370616e206c616e673d22454e2d5553223e3c7370616e3e266e6273703b266e6273703b266e6273703b203c2f7370616e3e3c2f7370616e3e3c7370616e207374796c653d22666f6e742d66616d696c793a20e5ae8be4bd933b223eefbc88e586b7e8978fe997a8efbc9be4bf9de6b8a9e997a8efbc8ce998b2e781abe997a8efbc9be998b2e781abe7aa97efbc893c2f7370616e3e3c2f703e0d0a3c7020636c6173733d224d736f4e6f726d616c223e3c7370616e206c616e673d22454e2d5553223e3c7370616e3e266e6273703b266e6273703b266e6273703b266e6273703b266e6273703b266e6273703b266e6273703b266e6273703b266e6273703b203c2f7370616e3e3c2f7370616e3e3c7370616e207374796c653d22666f6e742d66616d696c793a20e5ae8be4bd933b223ee4bb93e582a8e789a9e6b581e8aebee5a487efbc88e794b5e6a2afefbc9be58f89e8bda6efbc9be5b9b3e58fb0efbc9be8b4a7e69eb6efbc893c2f7370616e3e3c2f703e0d0a3c7020636c6173733d224d736f4e6f726d616c22207374796c653d226d617267696e2d6c6566743a2031323670743b20746578742d696e64656e743a202d31323670743b223e3c7370616e206c616e673d22454e2d5553223e3c7370616e3e266e6273703b266e6273703b266e6273703b266e6273703b266e6273703b266e6273703b266e6273703b266e6273703b266e6273703b203c2f7370616e3e3c2f7370616e3e3c7370616e207374796c653d22666f6e742d66616d696c793a20e5ae8be4bd933b223ee794b5e6b094e8aebee5a4873c2f7370616e3e3c7370616e206c616e673d22454e2d5553223e3c7370616e3e266e6273703b266e6273703b266e6273703b203c2f7370616e3e3c2f7370616e3e3c7370616e207374796c653d22666f6e742d66616d696c793a20e5ae8be4bd933b223eefbc88e9858de794b5e69f9cefbc9be5bc80e585b3e69f9cefbc9be794b5e7bc86efbc9be58f98e58e8be599a8efbc9be58f91e794b5e69cbaefbc9be88a82e883bde781afefbc9be785a7e6988ee781afe585b7efbc9be887aae58aa8e68ea7e588b6efbc9be998b2e78886e794b5e599a8efbc9be9ab98e58e8be794b5e599a8efbc9be4bd8ee58e8be794b5e599a8efbc893c2f7370616e3e3c2f703e0d0a3c7020636c6173733d224d736f4e6f726d616c22207374796c653d226d617267696e2d6c6566743a2031323670743b20746578742d696e64656e743a202d31323670743b223e3c7370616e206c616e673d22454e2d5553223e3c7370616e3e266e6273703b266e6273703b266e6273703b266e6273703b266e6273703b266e6273703b266e6273703b266e6273703b266e6273703b203c2f7370616e3e3c2f7370616e3e3c7370616e207374796c653d22666f6e742d66616d696c793a20e5ae8be4bd933b223ee7bb99e68e92e6b0b4e8aebee5a4873c2f7370616e3e3c7370616e206c616e673d22454e2d5553223e3c7370616e3e266e6273703b203c2f7370616e3e3c2f7370616e3e3c7370616e207374796c653d22666f6e742d66616d696c793a20e5ae8be4bd933b223eefbc88e7bb99e6b0b4e8aebee5a487efbc9be6b688e998b2e8aebee5a487efbc9be6b1a1e5ba9fe6b0b4e5a484e79086e8aebee5a487efbc9be586b7e58db4e38081e8bdafe58c96e999a4e79b90e8aebee5a487efbc9be6b0b4e5a484e79086e69d90e69699efbc9be99880e997a8efbc9be6b3b5efbc893c2f7370616e3e3c2f703e0d0a3c7020636c6173733d224d736f4e6f726d616c22207374796c653d226d617267696e2d6c6566743a2031323670743b20746578742d696e64656e743a202d31323670743b223e3c7370616e206c616e673d22454e2d5553223e3c7370616e3e266e6273703b266e6273703b266e6273703b266e6273703b266e6273703b266e6273703b266e6273703b266e6273703b266e6273703b203c2f7370616e3e3c2f7370616e3e3c7370616e207374796c653d22666f6e742d66616d696c793a20e5ae8be4bd933b223ee7a9bae8b083e8aebee5a4873c2f7370616e3e3c7370616e206c616e673d22454e2d5553223e3c7370616e3e266e6273703b266e6273703b266e6273703b203c2f7370616e3e3c2f7370616e3e3c7370616e207374796c653d22666f6e742d66616d696c793a20e5ae8be4bd933b223eefbc88e586b7e783ade6b0b4e69cbae7bb84efbc9be9a38ee69cbae79b98e7aea1efbc9be7a9bae8b083e69cbae7bb84efbc9be58aa0e6b8a9e599a8efbc9be999a4e6b9bfe599a8efbc9be7a9bae6b094e5b995efbc9be9809ae9a38ee8aebee5a487efbc9be7a9bae6b094e5a484e79086efbc9be9a38ee69cbaefbc9be887aae784b6e9809ae9a38ee599a8efbc893c2f7370616e3e3c2f703e0d0a3c7020636c6173733d224d736f4e6f726d616c22207374796c653d226d617267696e2d6c6566743a2031323670743b20746578742d696e64656e743a202d31323670743b223e3c7370616e206c616e673d22454e2d5553223e3c7370616e3e266e6273703b266e6273703b266e6273703b266e6273703b266e6273703b266e6273703b266e6273703b266e6273703b266e6273703b203c2f7370616e3e3c2f7370616e3e3c7370616e207374796c653d22666f6e742d66616d696c793a20e5ae8be4bd933b223ee588b6e586b7e8aebee5a4873c2f7370616e3e3c7370616e206c616e673d22454e2d5553223e3c7370616e3e266e6273703b266e6273703b266e6273703b203c2f7370616e3e3c2f7370616e3e3c7370616e207374796c653d22666f6e742d66616d696c793a20e5ae8be4bd933b223eefbc88e586b7e9a38ee69cbaefbc9be586b7e5879de599a8efbc9be58e8be7bca9e69cbaefbc9be588b6e586b7e69cbaefbc9be588b6e586b7e58982efbc9be7aea1e98193e6b3b5efbc9be586b7e58db4e5a194efbc893c2f7370616e3e3c2f703e0d0a3c7020636c6173733d224d736f4e6f726d616c223e3c7370616e206c616e673d22454e2d5553223e3c7370616e3e266e6273703b266e6273703b266e6273703b266e6273703b266e6273703b266e6273703b266e6273703b266e6273703b266e6273703b203c2f7370616e3e3c2f7370616e3e3c7370616e207374796c653d22666f6e742d66616d696c793a20e5ae8be4bd933b223ee4be9be783ade8aebee5a4873c2f7370616e3e3c7370616e206c616e673d22454e2d5553223e3c7370616e3e266e6273703b266e6273703b266e6273703b203c2f7370616e3e3c2f7370616e3e3c7370616e207374796c653d22666f6e742d66616d696c793a20e5ae8be4bd933b223eefbc88e99485e78289efbc9be68da2e783ade599a8efbc9be695a3e783ade599a8efbc9be5a4aae998b3e883bde783ade6b0b4e599a8efbc9be59cb0e783ade8aebee5a487efbc893c2f7370616e3e3c2f703e0d0a3c7020636c6173733d224d736f4e6f726d616c223e3c7370616e206c616e673d22454e2d5553223e266e6273703b3c2f7370616e3e3c2f703e0d0a3c7020636c6173733d224d736f4e6f726d616c223e3c7370616e207374796c653d22666f6e742d66616d696c793a20e5ae8be4bd933b206261636b67726f756e643a206e6f6e6520726570656174207363726f6c6c20302520302520236439643964393b223ee6b182e8818ce68b9be881983c2f7370616e3e3c7370616e207374796c653d22666f6e742d66616d696c793a20e5ae8be4bd933b223e26726172723be6b182e8818cefbc9be68b9be88198efbc9be58f91e7ae80e58e863c2f7370616e3e3c2f703e0d0a3c7020636c6173733d224d736f4e6f726d616c22207374796c653d226d617267696e2d6c6566743a2035322e3570743b20746578742d696e64656e743a202d35322e3570743b223e3c7370616e206c616e673d22454e2d5553223e3c7370616e3e266e6273703b266e6273703b266e6273703b266e6273703b266e6273703b266e6273703b266e6273703b266e6273703b266e6273703b203c2f7370616e3e3c2f7370616e3e3c7370616e207374796c653d22666f6e742d66616d696c793a20e5ae8be4bd933b223ee9a1b9e79baee7bb8fe79086efbc9be59c9fe5bbbae5b7a5e7a88be5b888efbc9be794b5e6b094e5b7a5e7a88be5b888efbc9be7bb99e68e92e6b0b4e5b7a5e7a88be5b888efbc9be69a96e9809ae7a9bae8b083e5b7a5e7a88be5b888efbc9be9a284e7ae97e5b7a5e7a88be5b888efbc9be5b7a5e889bae5b7a5e7a88be5b888efbc9be5b7a5e7a88be79b91e79086efbc9be9a1b9e79baee68aa5e5bbbae4babae59198efbc9be8b584e69699e7bfbbe8af91efbc9b3c2f7370616e3e3c2f703e0d0a3c7020636c6173733d224d736f4e6f726d616c223e3c7370616e206c616e673d22454e2d5553223e266e6273703b3c2f7370616e3e3c2f703e0d0a3c7020636c6173733d224d736f4e6f726d616c223e3c7370616e207374796c653d22666f6e742d66616d696c793a20e5ae8be4bd933b206261636b67726f756e643a206e6f6e6520726570656174207363726f6c6c20302520302520236439643964393b223ee68a80e69cafe4b893e58cba3c2f7370616e3e3c7370616e207374796c653d22666f6e742d66616d696c793a20e5ae8be4bd933b223e26726172723be68a80e69cafe8b584e69699efbc9be68b9be6a087e68c87e5afbcefbc9be8aebee8aea1e592a8e8afa2efbc9be9a1b9e79baee7aea1e79086efbc9be5b7a5e7a88be9a284e7ae97efbc9be79b91e79086e69c8de58aa1efbc9be5b7a5e7a88be997aee590a73c2f7370616e3e3c2f703e0d0a3c7020636c6173733d224d736f4e6f726d616c223e3c7370616e206c616e673d22454e2d5553223e266e6273703b3c2f7370616e3e3c2f703e0d0a3c7020636c6173733d224d736f4e6f726d616c223e3c7370616e207374796c653d22666f6e742d66616d696c793a20e5ae8be4bd933b206261636b67726f756e643a206e6f6e6520726570656174207363726f6c6c20302520302520236439643964393b223ee4bf9de999a9e4bf9de587bd3c2f7370616e3e3c7370616e207374796c653d22666f6e742d66616d696c793a20e5ae8be4bd933b223e26726172723be5b7a5e7a88be9a38ee999a9efbc9be5b7a5e7a88be4bf9de587bdefbc9be5b7a5e7a88be4bf9de999a9efbc9be696bde5b7a5e69cbae585b7e999a9efbc9be8bf90e8be93e4bf9de999a9efbc9be99b87e4b8bbe8b4a3e4bbbbe999a93c2f7370616e3e3c2f703e0d0a3c7020636c6173733d224d736f4e6f726d616c223e3c7370616e206c616e673d22454e2d5553223e266e6273703b3c2f7370616e3e3c2f703e0d0a3c7020636c6173733d224d736f4e6f726d616c223e3c7370616e207374796c653d22666f6e742d66616d696c793a20e5ae8be4bd933b206261636b67726f756e643a206e6f6e6520726570656174207363726f6c6c20302520302520236439643964393b223ee7bb8fe6b58ee58f82e880833c2f7370616e3e3c7370616e207374796c653d22666f6e742d66616d696c793a20e5ae8be4bd933b223e26726172723be5ae8fe8a782e7bb8fe6b58eefbc9be59bbde99985e8a786e9878eefbc9be688bfe4baa7e68a95e8b584efbc9be585b6e5ae83e68a95e8b5843c2f7370616e3e3c2f703e0d0a3c7020636c6173733d224d736f4e6f726d616c223e3c7370616e206c616e673d22454e2d5553223e266e6273703b3c2f7370616e3e3c2f703e0d0a3c7020636c6173733d224d736f4e6f726d616c223e3c7374726f6e673e3c7370616e207374796c653d22636f6c6f723a207265643b22206c616e673d22454e2d5553223e266e6273703b3c2f7370616e3e3c2f7374726f6e673e3c2f703e0d0a3c7020636c6173733d224d736f4e6f726d616c223e3c7374726f6e673e3c7370616e207374796c653d22636f6c6f723a207265643b22206c616e673d22454e2d5553223e266e6273703b3c2f7370616e3e3c2f7374726f6e673e3c2f703e0d0a3c7020636c6173733d224d736f4e6f726d616c223e3c7374726f6e673e3c7370616e207374796c653d22636f6c6f723a207265643b22206c616e673d22454e2d5553223e266e6273703b3c2f7370616e3e3c2f7374726f6e673e3c2f703e0d0a3c7020636c6173733d224d736f4e6f726d616c223e3c7374726f6e673e3c7370616e207374796c653d22636f6c6f723a207265643b22206c616e673d22454e2d5553223e266e6273703b3c2f7370616e3e3c2f7374726f6e673e3c2f703e0d0a3c7020636c6173733d224d736f4e6f726d616c223e3c7374726f6e673e3c7370616e207374796c653d22636f6c6f723a207265643b22206c616e673d22454e2d5553223e266e6273703b3c2f7370616e3e3c2f7374726f6e673e3c2f703e0d0a3c7020636c6173733d224d736f4e6f726d616c22207374796c653d226d617267696e2d6c6566743a20323170743b20746578742d696e64656e743a202d323170743b223e3c7374726f6e673e3c7370616e207374796c653d22636f6c6f723a20626c61636b3b22206c616e673d22454e2d5553223e3c7370616e3e34efbc8c3c7370616e207374796c653d22666f6e743a20377074202754696d6573204e657720526f6d616e273b223e266e6273703b266e6273703b203c2f7370616e3e3c2f7370616e3e3c2f7370616e3e3c2f7374726f6e673e3c7374726f6e673e3c7370616e207374796c653d22666f6e742d66616d696c793a20e5ae8be4bd933b20636f6c6f723a207265643b206261636b67726f756e643a206e6f6e6520726570656174207363726f6c6c20302520302520236439643964393b223ee5b7a5e7a88be5b882e59cba3c2f7370616e3e3c2f7374726f6e673e3c7374726f6e673e3c7370616e207374796c653d22666f6e742d66616d696c793a20e5ae8be4bd933b20636f6c6f723a207265643b223ee5928c3c7370616e207374796c653d226261636b67726f756e643a206e6f6e6520726570656174207363726f6c6c20302520302520236439643964393b223ee6b182e8818ce68b9be881983c2f7370616e3e3c2f7370616e3e3c2f7374726f6e673e3c7370616e207374796c653d22666f6e742d66616d696c793a20e5ae8be4bd933b223eefbc9b3c7374726f6e673e3c7370616e207374796c653d22636f6c6f723a20626c61636b3b223ee982a3e4b8aae79baee5bd95e6af94e8be83e5a48de69d82efbc8ce6a380e7b4a2e58886e4b8ba3c7370616e207374796c653d226261636b67726f756e643a206e6f6e6520726570656174207363726f6c6c20302520302520236439643964393b223ee585a8e983a83c2f7370616e3ee5928c3c7370616e207374796c653d226261636b67726f756e643a206e6f6e6520726570656174207363726f6c6c20302520302520236439643964393b223ee99c80e6b1823c2f7370616e3ee5928c3c7370616e207374796c653d226261636b67726f756e643a206e6f6e6520726570656174207363726f6c6c20302520302520236439643964393b223ee4be9be7bb993c2f7370616e3ee58886e7b1bbefbc9b3c7370616e207374796c653d226261636b67726f756e643a206e6f6e6520726570656174207363726f6c6c20302520302520236439643964393b223ee59586e593813c2f7370616e3ee58886e7b1bbefbc9b3c7370616e207374796c653d226261636b67726f756e643a206e6f6e6520726570656174207363726f6c6c20302520302520236439643964393b223ee59cb0e58cba3c2f7370616e3ee58886e7b1bb3c2f7370616e3e3c2f7374726f6e673e3c7370616e207374796c653d22636f6c6f723a20626c61636b3b223ee38082e4be8be5a682efbc9a3c2f7370616e3e3c2f7370616e3e3c7374726f6e673e3c2f7374726f6e673e3c2f703e0d0a3c7020636c6173733d224d736f4e6f726d616c223e3c7374726f6e673e3c7370616e207374796c653d22636f6c6f723a20626c61636b3b22206c616e673d22454e2d5553223e3c7370616e3e266e6273703b203c2f7370616e3e3c2f7370616e3e3c2f7374726f6e673e3c2f703e0d0a3c7020636c6173733d224d736f4e6f726d616c223e3c7374726f6e673e3c7370616e207374796c653d22636f6c6f723a20626c61636b3b22206c616e673d22454e2d5553223e3c696d67207372633d2266696c653a2f2f2f433a2f55736572732f71696e6368656e672f417070446174612f4c6f63616c2f54656d702f6d736f68746d6c636c6970312f30312f636c69705f696d6167653031322e6a70672220616c743d22222077696474683d2239343222206865696768743d2235343522202f3e3c2f7370616e3e3c2f7374726f6e673e3c2f703e0d0a3c7020636c6173733d224d736f4e6f726d616c223e3c7374726f6e673e3c7370616e207374796c653d22636f6c6f723a20626c61636b3b22206c616e673d22454e2d5553223e266e6273703b3c2f7370616e3e3c2f7374726f6e673e3c2f703e0d0a3c7020636c6173733d224d736f4e6f726d616c223e3c7374726f6e673e3c7370616e207374796c653d22636f6c6f723a20626c61636b3b22206c616e673d22454e2d5553223e3c696d67207372633d2266696c653a2f2f2f433a2f55736572732f71696e6368656e672f417070446174612f4c6f63616c2f54656d702f6d736f68746d6c636c6970312f30312f636c69705f696d6167653031332e6a70672220616c743d22222077696474683d2237383622206865696768743d2235313022202f3e3c2f7370616e3e3c2f7374726f6e673e3c2f703e0d0a3c7020636c6173733d224d736f4e6f726d616c223e3c7374726f6e673e3c7370616e207374796c653d22636f6c6f723a20626c61636b3b22206c616e673d22454e2d5553223e266e6273703b3c2f7370616e3e3c2f7374726f6e673e3c2f703e0d0a3c7020636c6173733d224d736f4e6f726d616c223e3c7374726f6e673e3c7370616e207374796c653d22636f6c6f723a20626c61636b3b22206c616e673d22454e2d5553223e266e6273703b3c2f7370616e3e3c2f7374726f6e673e3c2f703e0d0a3c7020636c6173733d224d736f4e6f726d616c223e3c7370616e206c616e673d22454e2d5553223e3c696d67207372633d2266696c653a2f2f2f433a2f55736572732f71696e6368656e672f417070446174612f4c6f63616c2f54656d702f6d736f68746d6c636c6970312f30312f636c69705f696d6167653031352e6a70672220616c743d22222077696474683d2236343322206865696768743d2233363922202f3e3c7374726f6e673e3c2f7374726f6e673e3c2f7370616e3e3c2f703e0d0a3c7020636c6173733d224d736f4e6f726d616c223e3c7374726f6e673e3c7370616e207374796c653d22636f6c6f723a20626c61636b3b22206c616e673d22454e2d5553223e266e6273703b3c2f7370616e3e3c2f7374726f6e673e3c2f703e0d0a3c7020636c6173733d224d736f4e6f726d616c223e3c7374726f6e673e3c7370616e207374796c653d22636f6c6f723a20626c61636b3b22206c616e673d22454e2d5553223e266e6273703b3c2f7370616e3e3c2f7374726f6e673e3c2f703e0d0a3c7020636c6173733d224d736f4e6f726d616c223e3c7374726f6e673e3c7370616e207374796c653d22666f6e742d66616d696c793a20e5ae8be4bd933b20636f6c6f723a20626c61636b3b223ee4bc98e68b93e7bd91e7ab99e79a84e59cb0e58cbae6a380e7b4a2efbc8ce58fafe4bba5e68c89e785a7e79c81e4b880e7baa7e69da5e8aebee7ab8befbc8ce4b99fe58fafe4bba5e4b8ade59bbde79baee5898de79a84e8a18ce694bfe59cb0e58cbae8aebee7ab8be380823c2f7370616e3e3c2f7374726f6e673e3c7374726f6e673e3c2f7374726f6e673e3c2f703e0d0a3c7020636c6173733d224d736f4e6f726d616c223e3c7370616e207374796c653d22636f6c6f723a20626c61636b3b22206c616e673d22454e2d5553223e3c7370616e3e266e6273703b266e6273703b266e6273703b203c2f7370616e3e3c2f7370616e3e3c2f703e0d0a3c7020636c6173733d224d736f4e6f726d616c223e3c7370616e207374796c653d22666f6e742d66616d696c793a20e5ae8be4bd933b223ee38090e4b89ce58c97e38091203c7370616e206c616e673d22454e2d5553223e3c6120687265663d22687474703a2f2f7777772e787a71682e6f72672f71756875612f3233686c6a2f22207461726765743d225f626c616e6b223e3c7370616e207374796c653d22636f6c6f723a20626c75653b20746578742d6465636f726174696f6e3a206e6f6e653b22206c616e673d22454e2d5553223e3c7370616e206c616e673d22454e2d5553223ee9bb91e9be99e6b19fe79c813c2f7370616e3e3c2f7370616e3e3c2f613e3c2f7370616e3ee380803c7370616e206c616e673d22454e2d5553223e3c6120687265663d22687474703a2f2f7777772e787a71682e6f72672f71756875612f32326a6c2f22207461726765743d225f626c616e6b223e3c7370616e207374796c653d22636f6c6f723a20626c75653b20746578742d6465636f726174696f6e3a206e6f6e653b22206c616e673d22454e2d5553223e3c7370616e206c616e673d22454e2d5553223ee59089e69e97e79c813c2f7370616e3e3c2f7370616e3e3c2f613e203c6120687265663d22687474703a2f2f7777772e787a71682e6f72672f71756875612f32316c6e2f22207461726765743d225f626c616e6b223e3c7370616e207374796c653d22636f6c6f723a20626c75653b20746578742d6465636f726174696f6e3a206e6f6e653b22206c616e673d22454e2d5553223e3c7370616e206c616e673d22454e2d5553223ee8bebde5ae81e79c813c2f7370616e3e3c2f7370616e3e3c2f613e3c2f7370616e3e3c2f7370616e3e3c2f703e0d0a3c7020636c6173733d224d736f4e6f726d616c223e3c7370616e207374796c653d22666f6e742d66616d696c793a20e5ae8be4bd933b223ee38090e58d8ee58c97e38091203c7370616e206c616e673d22454e2d5553223e3c6120687265663d22687474703a2f2f7777772e787a71682e6f72672f71756875612f3131626a2f22207461726765743d225f626c616e6b223e3c7370616e207374796c653d22636f6c6f723a20626c75653b20746578742d6465636f726174696f6e3a206e6f6e653b22206c616e673d22454e2d5553223e3c7370616e206c616e673d22454e2d5553223ee58c97e4baace5b8823c2f7370616e3e3c2f7370616e3e3c2f613e3c2f7370616e3ee380803c7370616e206c616e673d22454e2d5553223e3c6120687265663d22687474703a2f2f7777772e787a71682e6f72672f71756875612f3132746a2f22207461726765743d225f626c616e6b223e3c7370616e207374796c653d22636f6c6f723a20626c75653b20746578742d6465636f726174696f6e3a206e6f6e653b22206c616e673d22454e2d5553223e3c7370616e206c616e673d22454e2d5553223ee5a4a9e6b4a5e5b8823c2f7370616e3e3c2f7370616e3e3c2f613e3c2f7370616e3ee380803c7370616e206c616e673d22454e2d5553223e3c6120687265663d22687474703a2f2f7777772e787a71682e6f72672f71756875612f313368622f22207461726765743d225f626c616e6b223e3c7370616e207374796c653d22636f6c6f723a20626c75653b20746578742d6465636f726174696f6e3a206e6f6e653b22206c616e673d22454e2d5553223e3c7370616e206c616e673d22454e2d5553223ee6b2b3e58c97e79c813c2f7370616e3e3c2f7370616e3e3c2f613e3c2f7370616e3ee380803c7370616e206c616e673d22454e2d5553223e3c6120687265663d22687474703a2f2f7777772e787a71682e6f72672f71756875612f313473782f22207461726765743d225f626c616e6b223e3c7370616e207374796c653d22636f6c6f723a20626c75653b20746578742d6465636f726174696f6e3a206e6f6e653b22206c616e673d22454e2d5553223e3c7370616e206c616e673d22454e2d5553223ee5b1b1e8a5bfe79c813c2f7370616e3e3c2f7370616e3e3c2f613e3c2f7370616e3ee380803c7370616e206c616e673d22454e2d5553223e3c6120687265663d22687474703a2f2f7777772e787a71682e6f72672f71756875612f31356e6d672f22207461726765743d225f626c616e6b223e3c7370616e207374796c653d22636f6c6f723a20626c75653b20746578742d6465636f726174696f6e3a206e6f6e653b22206c616e673d22454e2d5553223e3c7370616e206c616e673d22454e2d5553223ee58685e89299e58fa4e887aae6b2bbe58cba3c2f7370616e3e3c2f7370616e3e3c2f613e3c2f7370616e3e3c2f7370616e3e3c2f703e0d0a3c7020636c6173733d224d736f4e6f726d616c223e3c7370616e207374796c653d22666f6e742d66616d696c793a20e5ae8be4bd933b223ee38090e58d8ee4b89ce38091203c7370616e206c616e673d22454e2d5553223e3c6120687265663d22687474703a2f2f7777772e787a71682e6f72672f71756875612f333773642f22207461726765743d225f626c616e6b223e3c7370616e207374796c653d22636f6c6f723a20626c75653b20746578742d6465636f726174696f6e3a206e6f6e653b22206c616e673d22454e2d5553223e3c7370616e206c616e673d22454e2d5553223ee5b1b1e4b89ce79c813c2f7370616e3e3c2f7370616e3e3c2f613e3c2f7370616e3ee380803c7370616e206c616e673d22454e2d5553223e3c6120687265663d22687474703a2f2f7777772e787a71682e6f72672f71756875612f333461682f22207461726765743d225f626c616e6b223e3c7370616e207374796c653d22636f6c6f723a20626c75653b20746578742d6465636f726174696f6e3a206e6f6e653b22206c616e673d22454e2d5553223e3c7370616e206c616e673d22454e2d5553223ee5ae89e5bebde79c813c2f7370616e3e3c2f7370616e3e3c2f613e3c7370616e3e266e6273703b203c2f7370616e3e3c6120687265663d22687474703a2f2f7777772e787a71682e6f72672f71756875612f33326a732f22207461726765743d225f626c616e6b223e3c7370616e207374796c653d22636f6c6f723a20626c75653b20746578742d6465636f726174696f6e3a206e6f6e653b22206c616e673d22454e2d5553223e3c7370616e206c616e673d22454e2d5553223ee6b19fe88b8fe79c813c2f7370616e3e3c2f7370616e3e3c2f613e3c2f7370616e3ee380803c7370616e206c616e673d22454e2d5553223e3c6120687265663d22687474703a2f2f7777772e787a71682e6f72672f71756875612f333173682f22207461726765743d225f626c616e6b223e3c7370616e207374796c653d22636f6c6f723a20626c75653b20746578742d6465636f726174696f6e3a206e6f6e653b22206c616e673d22454e2d5553223e3c7370616e206c616e673d22454e2d5553223ee4b88ae6b5b7e5b8823c2f7370616e3e3c2f7370616e3e3c2f613e203c6120687265663d22687474703a2f2f7777772e787a71682e6f72672f71756875612f33337a6a2f22207461726765743d225f626c616e6b223e3c7370616e207374796c653d22636f6c6f723a20626c75653b20746578742d6465636f726174696f6e3a206e6f6e653b22206c616e673d22454e2d5553223e3c7370616e206c616e673d22454e2d5553223ee6b599e6b19fe79c813c2f7370616e3e3c2f7370616e3e3c2f613e3c2f7370616e3ee380803c7370616e206c616e673d22454e2d5553223e3c6120687265663d22687474703a2f2f7777772e787a71682e6f72672f71756875612f33366a782f22207461726765743d225f626c616e6b223e3c7370616e207374796c653d22636f6c6f723a20626c75653b20746578742d6465636f726174696f6e3a206e6f6e653b22206c616e673d22454e2d5553223e3c7370616e206c616e673d22454e2d5553223ee6b19fe8a5bfe79c813c2f7370616e3e3c2f7370616e3e3c2f613e3c2f7370616e3ee380803c7370616e206c616e673d22454e2d5553223e3c6120687265663d22687474703a2f2f7777772e787a71682e6f72672f71756875612f3335666a2f22207461726765743d225f626c616e6b223e3c7370616e207374796c653d22636f6c6f723a20626c75653b20746578742d6465636f726174696f6e3a206e6f6e653b22206c616e673d22454e2d5553223e3c7370616e206c616e673d22454e2d5553223ee7a68fe5bbbae79c813c2f7370616e3e3c2f7370616e3e3c2f613e3c2f7370616e3e3c2f7370616e3e3c2f703e0d0a3c7020636c6173733d224d736f4e6f726d616c223e3c7370616e207374796c653d22666f6e742d66616d696c793a20e5ae8be4bd933b223ee38090e4b8ade58d97e38091203c7370616e206c616e673d22454e2d5553223e3c6120687265663d22687474703a2f2f7777772e787a71682e6f72672f71756875612f3431686e2f22207461726765743d225f626c616e6b223e3c7370616e207374796c653d22636f6c6f723a20626c75653b20746578742d6465636f726174696f6e3a206e6f6e653b22206c616e673d22454e2d5553223e3c7370616e206c616e673d22454e2d5553223ee6b2b3e58d97e79c813c2f7370616e3e3c2f7370616e3e3c2f613e3c2f7370616e3ee380803c7370616e206c616e673d22454e2d5553223e3c6120687265663d22687474703a2f2f7777772e787a71682e6f72672f71756875612f343268622f22207461726765743d225f626c616e6b223e3c7370616e207374796c653d22636f6c6f723a20626c75653b20746578742d6465636f726174696f6e3a206e6f6e653b22206c616e673d22454e2d5553223e3c7370616e206c616e673d22454e2d5553223ee6b996e58c97e79c813c2f7370616e3e3c2f7370616e3e3c2f613e3c2f7370616e3ee380803c7370616e206c616e673d22454e2d5553223e3c6120687265663d22687474703a2f2f7777772e787a71682e6f72672f71756875612f3433686e2f22207461726765743d225f626c616e6b223e3c7370616e207374796c653d22636f6c6f723a20626c75653b20746578742d6465636f726174696f6e3a206e6f6e653b22206c616e673d22454e2d5553223e3c7370616e206c616e673d22454e2d5553223ee6b996e58d97e79c813c2f7370616e3e3c2f7370616e3e3c2f613e3c2f7370616e3ee380803c7370616e206c616e673d22454e2d5553223e3c6120687265663d22687474703a2f2f7777772e787a71682e6f72672f71756875612f343467642f22207461726765743d225f626c616e6b223e3c7370616e207374796c653d22636f6c6f723a20626c75653b20746578742d6465636f726174696f6e3a206e6f6e653b22206c616e673d22454e2d5553223e3c7370616e206c616e673d22454e2d5553223ee5b9bfe4b89ce79c813c2f7370616e3e3c2f7370616e3e3c2f613e3c2f7370616e3ee380803c7370616e206c616e673d22454e2d5553223e3c6120687265663d22687474703a2f2f7777772e787a71682e6f72672f71756875612f3436686e2f22207461726765743d225f626c616e6b223e3c7370616e207374796c653d22636f6c6f723a20626c75653b20746578742d6465636f726174696f6e3a206e6f6e653b22206c616e673d22454e2d5553223e3c7370616e206c616e673d22454e2d5553223ee6b5b7e58d97e79c813c2f7370616e3e3c2f7370616e3e3c2f613e203c6120687265663d22687474703a2f2f7777772e787a71682e6f72672f71756875612f343567782f22207461726765743d225f626c616e6b223e3c7370616e207374796c653d22636f6c6f723a20626c75653b20746578742d6465636f726174696f6e3a206e6f6e653b22206c616e673d22454e2d5553223e3c7370616e206c616e673d22454e2d5553223ee5b9bfe8a5bfe5a3aee6978fe887aae6b2bbe58cba3c2f7370616e3e3c2f7370616e3e3c2f613e3c2f7370616e3ee380803c2f7370616e3e3c2f703e0d0a3c7020636c6173733d224d736f4e6f726d616c223e3c7370616e207374796c653d22666f6e742d66616d696c793a20e5ae8be4bd933b223ee38090e8a5bfe58d97e38091203c7370616e206c616e673d22454e2d5553223e3c6120687265663d22687474703a2f2f7777772e787a71682e6f72672f71756875612f353063712f22207461726765743d225f626c616e6b223e3c7370616e207374796c653d22636f6c6f723a20626c75653b20746578742d6465636f726174696f6e3a206e6f6e653b22206c616e673d22454e2d5553223e3c7370616e206c616e673d22454e2d5553223ee9878de5ba863c7370616e206c616e673d22454e2d5553223ee5b8823c2f7370616e3e3c2f7370616e3e3c2f7370616e3e3c2f613e3c2f7370616e3ee380803c7370616e206c616e673d22454e2d5553223e3c6120687265663d22687474703a2f2f7777772e787a71682e6f72672f71756875612f353173632f22207461726765743d225f626c616e6b223e3c7370616e207374796c653d22636f6c6f723a20626c75653b20746578742d6465636f726174696f6e3a206e6f6e653b22206c616e673d22454e2d5553223e3c7370616e206c616e673d22454e2d5553223ee59b9be5b79de79c813c2f7370616e3e3c2f7370616e3e3c2f613e3c2f7370616e3ee380803c7370616e206c616e673d22454e2d5553223e3c6120687265663d22687474703a2f2f7777772e787a71682e6f72672f71756875612f3532677a2f22207461726765743d225f626c616e6b223e3c7370616e207374796c653d22636f6c6f723a20626c75653b20746578742d6465636f726174696f6e3a206e6f6e653b22206c616e673d22454e2d5553223e3c7370616e206c616e673d22454e2d5553223ee8b4b5e5b79ee79c813c2f7370616e3e3c2f7370616e3e3c2f613e3c2f7370616e3ee380803c7370616e206c616e673d22454e2d5553223e3c6120687265663d22687474703a2f2f7777772e787a71682e6f72672f71756875612f3533796e2f22207461726765743d225f626c616e6b223e3c7370616e207374796c653d22636f6c6f723a20626c75653b20746578742d6465636f726174696f6e3a206e6f6e653b22206c616e673d22454e2d5553223e3c7370616e206c616e673d22454e2d5553223ee4ba91e58d97e79c813c2f7370616e3e3c2f7370616e3e3c2f613e3c2f7370616e3ee380803c7370616e206c616e673d22454e2d5553223e3c6120687265663d22687474703a2f2f7777772e787a71682e6f72672f71756875612f3534787a2f22207461726765743d225f626c616e6b223e3c7370616e207374796c653d22636f6c6f723a20626c75653b20746578742d6465636f726174696f6e3a206e6f6e653b22206c616e673d22454e2d5553223e3c7370616e206c616e673d22454e2d5553223ee8a5bfe8978f3c7370616e206c616e673d22454e2d5553223ee887aae6b2bbe58cba3c2f7370616e3e3c2f7370616e3e3c2f7370616e3e3c2f613e3c2f7370616e3e3c2f7370616e3e3c2f703e0d0a3c7020636c6173733d224d736f4e6f726d616c223e3c7370616e207374796c653d22666f6e742d66616d696c793a20e5ae8be4bd933b223ee38090e8a5bfe58c97e38091203c7370616e206c616e673d22454e2d5553223e3c6120687265663d22687474703a2f2f7777772e787a71682e6f72672f71756875612f363173782f22207461726765743d225f626c616e6b223e3c7370616e207374796c653d22636f6c6f723a20626c75653b20746578742d6465636f726174696f6e3a206e6f6e653b22206c616e673d22454e2d5553223e3c7370616e206c616e673d22454e2d5553223ee99995e8a5bfe79c813c2f7370616e3e3c2f7370616e3e3c2f613e203c6120687265663d22687474703a2f2f7777772e787a71682e6f72672f71756875612f363267732f22207461726765743d225f626c616e6b223e3c7370616e207374796c653d22636f6c6f723a20626c75653b20746578742d6465636f726174696f6e3a206e6f6e653b22206c616e673d22454e2d5553223e3c7370616e206c616e673d22454e2d5553223ee79498e88283e79c813c2f7370616e3e3c2f7370616e3e3c2f613e3c2f7370616e3ee380803c7370616e206c616e673d22454e2d5553223e3c6120687265663d22687474703a2f2f7777772e787a71682e6f72672f71756875612f363371682f22207461726765743d225f626c616e6b223e3c7370616e207374796c653d22636f6c6f723a20626c75653b20746578742d6465636f726174696f6e3a206e6f6e653b22206c616e673d22454e2d5553223e3c7370616e206c616e673d22454e2d5553223ee99d92e6b5b7e79c813c2f7370616e3e3c2f7370616e3e3c2f613e203c6120687265663d22687474703a2f2f7777772e787a71682e6f72672f71756875612f36346e782f22207461726765743d225f626c616e6b223e3c7370616e207374796c653d22636f6c6f723a20626c75653b20746578742d6465636f726174696f6e3a206e6f6e653b22206c616e673d22454e2d5553223e3c7370616e206c616e673d22454e2d5553223ee5ae81e5a48fe59b9ee6978fe887aae6b2bbe58cba3c2f7370616e3e3c2f7370616e3e3c2f613e203c6120687265663d22687474703a2f2f7777772e787a71682e6f72672f71756875612f3635786a2f22207461726765743d225f626c616e6b223e3c7370616e207374796c653d22636f6c6f723a20626c75653b20746578742d6465636f726174696f6e3a206e6f6e653b22206c616e673d22454e2d5553223e3c7370616e206c616e673d22454e2d5553223ee696b0e79686e7bbb4e590bee5b094e887aae6b2bbe58cba3c2f7370616e3e3c2f7370616e3e3c2f613e3c2f7370616e3e3c2f7370616e3e3c2f703e0d0a3c7020636c6173733d224d736f4e6f726d616c223e3c7370616e207374796c653d22666f6e742d66616d696c793a20e5ae8be4bd933b223ee38090e6b8afe6beb3e58fb0e38091203c7370616e206c616e673d22454e2d5553223e3c6120687265663d22687474703a2f2f7777772e787a71682e6f72672f71756875612f686f6e676b6f6e672f22207461726765743d225f626c616e6b223e3c7370616e207374796c653d22636f6c6f723a20626c75653b20746578742d6465636f726174696f6e3a206e6f6e653b22206c616e673d22454e2d5553223e3c7370616e206c616e673d22454e2d5553223ee9a699e6b8afe789b9e588abe8a18ce694bfe58cba3c2f7370616e3e3c2f7370616e3e3c2f613e3c2f7370616e3ee380803c7370616e206c616e673d22454e2d5553223e3c6120687265663d22687474703a2f2f7777772e787a71682e6f72672f71756875612f6d616361752f22207461726765743d225f626c616e6b223e3c7370616e207374796c653d22636f6c6f723a20626c75653b20746578742d6465636f726174696f6e3a206e6f6e653b22206c616e673d22454e2d5553223e3c7370616e206c616e673d22454e2d5553223ee6beb3e997a8e789b9e588abe8a18ce694bfe58cba3c2f7370616e3e3c2f7370616e3e3c2f613e3c2f7370616e3ee380803c7370616e206c616e673d22454e2d5553223e3c6120687265663d22687474703a2f2f7777772e787a71682e6f72672f71756875612f74616977616e2f22207461726765743d225f626c616e6b223e3c7370616e207374796c653d22636f6c6f723a20626c75653b20746578742d6465636f726174696f6e3a206e6f6e653b22206c616e673d22454e2d5553223e3c7370616e206c616e673d22454e2d5553223ee58fb0e6b9bee79c813c2f7370616e3e3c2f7370616e3e3c2f613e3c2f7370616e3e3c2f7370616e3e3c2f703e0d0a3c7020636c6173733d224d736f4e6f726d616c223e3c7370616e206c616e673d22454e2d5553223e266e6273703b3c2f7370616e3e3c2f703e0d0a3c7020636c6173733d224d736f4e6f726d616c223e3c7370616e206c616e673d22454e2d5553223e266e6273703b3c2f7370616e3e3c2f703e0d0a3c7020636c6173733d224d736f4e6f726d616c22207374796c653d226d617267696e2d6c6566743a20323170743b20746578742d696e64656e743a202d323170743b223e3c7370616e206c616e673d22454e2d5553223e3c7370616e3e35efbc8c3c7370616e207374796c653d22666f6e743a20377074202754696d6573204e657720526f6d616e273b223e266e6273703b266e6273703b266e6273703b203c2f7370616e3e3c2f7370616e3e3c2f7370616e3e3c7370616e207374796c653d22666f6e742d66616d696c793a20e5ae8be4bd933b223ee69c89e4b889e4b8aae6a08fe79baee4b88de99c80e8a681e8aebee7ab8be59cb0e58cbae6a380e7b4a2efbc8ce983bde698afe69687e7aba0e7b1bbe79a84efbc8ce5a682efbc9a3c7370616e207374796c653d226261636b67726f756e643a206e6f6e6520726570656174207363726f6c6c20302520302520236439643964393b223ee68a80e69cafe4b893e58cba3c2f7370616e3eefbc9b3c7370616e207374796c653d226261636b67726f756e643a206e6f6e6520726570656174207363726f6c6c20302520302520236439643964393b223ee4bf9de999a9e4bf9de587bd3c2f7370616e3eefbc9b3c7370616e207374796c653d226261636b67726f756e643a206e6f6e6520726570656174207363726f6c6c20302520302520236439643964393b223ee7bb8fe6b58ee58f82e880833c2f7370616e3e3c2f7370616e3e3c2f703e0d0a3c7020636c6173733d224d736f4e6f726d616c223e3c7370616e206c616e673d22454e2d5553223e3c696d67207372633d2266696c653a2f2f2f433a2f55736572732f71696e6368656e672f417070446174612f4c6f63616c2f54656d702f6d736f68746d6c636c6970312f30312f636c69705f696d6167653031362e6a70672220616c743d22222077696474683d2239353722206865696768743d223438382220626f726465723d223022202f3e3c2f7370616e3e3c2f703e0d0a3c7020636c6173733d224d736f4e6f726d616c223e3c7370616e206c616e673d22454e2d5553223e266e6273703b3c2f7370616e3e3c2f703e0d0a3c7020636c6173733d224d736f4e6f726d616c223e3c7370616e206c616e673d22454e2d5553223e266e6273703b3c2f7370616e3e3c2f703e0d0a3c7020636c6173733d224d736f4e6f726d616c223e3c7370616e206c616e673d22454e2d5553223e266e6273703b3c2f7370616e3e3c2f703e0d0a3c7020636c6173733d224d736f4e6f726d616c223e3c7370616e206c616e673d22454e2d5553223e266e6273703b3c2f7370616e3e3c2f703e0d0a3c7020636c6173733d224d736f4e6f726d616c223e3c7370616e206c616e673d22454e2d5553223e266e6273703b3c2f7370616e3e3c2f703e0d0a3c7020636c6173733d224d736f4e6f726d616c223e3c7370616e206c616e673d22454e2d5553223e266e6273703b3c2f7370616e3e3c2f703e0d0a3c7020636c6173733d224d736f4e6f726d616c223e3c7370616e206c616e673d22454e2d5553223e266e6273703b3c2f7370616e3e3c2f703e0d0a3c7020636c6173733d224d736f4e6f726d616c223e3c7370616e206c616e673d22454e2d5553223e266e6273703b3c2f7370616e3e3c2f703e0d0a3c7020636c6173733d224d736f4e6f726d616c223e3c7370616e206c616e673d22454e2d5553223e266e6273703b3c2f7370616e3e3c2f703e0d0a3c7020636c6173733d224d736f4e6f726d616c223e3c7370616e206c616e673d22454e2d5553223e266e6273703b3c2f7370616e3e3c2f703e0d0a3c7020636c6173733d224d736f4e6f726d616c223e3c7374726f6e673e3c7370616e207374796c653d22666f6e742d73697a653a20313470743b20666f6e742d66616d696c793a20e9bb91e4bd933b223ee585abefbc8ce585b6e5ae833c2f7370616e3e3c2f7374726f6e673e3c2f703e0d0a3c7020636c6173733d224d736f4e6f726d616c223e3c7370616e206c616e673d22454e2d5553223e313c2f7370616e3e3c7370616e207374796c653d22666f6e742d66616d696c793a20e5ae8be4bd933b223eefbc8ce589afe5888ae79a84e78988e99da2e8aebee8aea1efbc8ce4b88de8a681e58c85e590abe4bbbbe4bd95e88ab1e593a8e4bf97e6b094e79a84e58685e5aeb9efbc8ce7ae80e6b481e6988ee5bfabe4b8bae5a5bde380823c2f7370616e3e3c2f703e0d0a3c7020636c6173733d224d736f4e6f726d616c223e3c7370616e206c616e673d22454e2d5553223e266e6273703b3c2f7370616e3e3c2f703e0d0a3c7020636c6173733d224d736f4e6f726d616c223e3c7370616e206c616e673d22454e2d5553223e323c2f7370616e3e3c7370616e207374796c653d22666f6e742d66616d696c793a20e5ae8be4bd933b223eefbc8ce69c80e8bf91e4b8ade59bbde8a784e5ae9a3c7370616e207374796c653d226261636b67726f756e643a206e6f6e6520726570656174207363726f6c6c20302520302520236439643964393b223ee4b88de58581e8aeb8e4b8aae4babae6b3a8e5868ce59f9fe5908defbc8ce58d95e4bd8de58fafe4bba5e6b3a8e5868ce59f9fe5908de5928ce5bbbae7ab99efbc8ce8a784e5ae9ae8b081e5bbbae79a84e7bd91e7ab99e8b081e5b0b1e8a681e8b49fe6b395e5be8be8b4a3e4bbbb3c2f7370616e3ee38082e589afe5888ae697a2e784b6e698afe4ba92e58aa8e79a84efbc8ce5b0b1e8a681e69c89e4ba8be58588e5a3b0e6988eefbc8ce981b5e7baaae5ae88e6b395e38082e8a681e99990e588b63c7370616e207374796c653d226261636b67726f756e643a206e6f6e6520726570656174207363726f6c6c20302520302520236439643964393b223ee8aebae59d9be58f91e8b4b4e58faae883bde4bdbfe794a83c7370616e207374796c653d22636f6c6f723a207265643b223ee4b8ade69687e5928ce88bb1e696873c2f7370616e3ee4b8a4e7a78de8afade8a8803c2f7370616e3eefbc8ce59ba0e4b8bae68891e4bbace69c89e5aea1e69fa5e79a84e8b4a3e4bbbbe38082e4b880e697a6e7bd91e7ab99e58f91e78eb0e69c89e58f8de58aa8e694bfe6b2bbe8a880e8aebae68896e88085e59586e4b89ae8afbde8b0a4efbc8ce68896e88085e8af88e9aa97e4b98be7b1bbe79a84e58685e5aeb9efbc8ce7bd91e7ab99e8a681e883bde58f8ae697b6e588a0e999a4efbc8ce79bb4e887b3e5bc80e999a4e4b88de889afe58886e5ad90e79a84e8b584e6a0bcefbc8ce4bba5e5858de7bd91e7ab99e689bfe68b85e79bb8e585b3e6b395e5be8be8b4a3e4bbbbe380823c2f7370616e3e3c2f703e0d0a3c7020636c6173733d224d736f4e6f726d616c223e3c7370616e206c616e673d22454e2d5553223e266e6273703b3c2f7370616e3e3c2f703e0d0a3c7020636c6173733d224d736f4e6f726d616c223e3c7370616e206c616e673d22454e2d5553223e333c2f7370616e3e3c7370616e207374796c653d22666f6e742d66616d696c793a20e5ae8be4bd933b223eefbc8ce4b88de8aebee7ab8b3c7374726f6e673e3c7370616e207374796c653d22636f6c6f723a207265643b206261636b67726f756e643a206e6f6e6520726570656174207363726f6c6c20302520302520236439643964393b223ee9bb84e9a1b5e782b9e8af843c2f7370616e3e3c2f7374726f6e673eefbc8ce79baee5898de6b2a1e69c89e5bf85e8a681e38082e59ba0e4b8bae8bf99e4b8aae7bd91e7ab99e4b88de698afe699aee9809ae79a84e5a4a7e4bc97e7949fe6b4bbe6909ce7b4a2e5bc95e6938ee7bd91e7ab99efbc8ce5ba97e995bfe8af84e8afade68896e88085e5ba97e995bfe68ea8e88d90e698afe590a6e6ada3e7a1aeefbc9fe5aeb9e69893e5afbce887b4e69c89e4ba9be4b8aae4babae5928ce4bc81e4b89ae8bf87e5baa6e590b9e59898efbc8ce68896e88085e58187e58692e585b6e5ae83e8af84e8aebae88085e694bbe587bbe5908ce8a18ce59586e4b89aefbc8ce5afb9e7bd91e7ab99e5bbbae8aebee5928ce4babae6b094e983bde69c89e8b49fe99da2e5bdb1e5938de380823c2f7370616e3e3c2f703e0d0a3c7020636c6173733d224d736f4e6f726d616c223e3c7370616e206c616e673d22454e2d5553223e266e6273703b3c2f7370616e3e3c2f703e0d0a3c7020636c6173733d224d736f4e6f726d616c223e3c7370616e206c616e673d22454e2d5553223e343c2f7370616e3e3c7370616e207374796c653d22666f6e742d66616d696c793a20e5ae8be4bd933b223eefbc8ce4b88de8aebee7ab8b3c7374726f6e673e3c7370616e207374796c653d22636f6c6f723a207265643b206261636b67726f756e643a206e6f6e6520726570656174207363726f6c6c20302520302520236439643964393b223ee7bd91e4b88ae59586e5ba973c2f7370616e3e3c2f7374726f6e673eefbc8ce59ba0e4b8bae79baee5898de59bbde58685e7bd91e5ba97e58f91e7949fe5a4a7e9878fe8af88e9aa97e8a18ce4b8baefbc8ce59bbde5aeb6e6ada3e59ca8e587bae58fb0e4b8a5e6a0bce79a84e8a784e7aba0e588b6e5baa6e5bcbae58a9be695b4e6b2bbe380823c2f7370616e3e3c2f703e0d0a3c7020636c6173733d224d736f4e6f726d616c223e3c7370616e206c616e673d22454e2d5553223e266e6273703b3c2f7370616e3e3c2f703e0d0a3c7020636c6173733d224d736f4e6f726d616c223e3c7370616e206c616e673d22454e2d5553223e353c2f7370616e3e3c7370616e207374796c653d22666f6e742d66616d696c793a20e5ae8be4bd933b223eefbc8ce79baee5898de69a82e4b88de8aebee7ab8b3c7374726f6e673e3c7370616e207374796c653d22636f6c6f723a207265643b206261636b67726f756e643a206e6f6e6520726570656174207363726f6c6c20302520302520236439643964393b223ee4bc81e4b89ae7a4bee58cba3c2f7370616e3e3c2f7374726f6e673eefbc8ce4b99fe4b88de8aebee7ab8b3c7374726f6e673e3c7370616e207374796c653d22636f6c6f723a207265643b206261636b67726f756e643a206e6f6e6520726570656174207363726f6c6c20302520302520236439643964393b223ee58d9ae5aea2e7a9bae997b43c2f7370616e3e3c2f7374726f6e673eefbc8ce8bf99e698afe4b880e4b8aae68a80e69cafe4b8bae4b8bbe79a84e7bd91e7ab99efbc8ce4b88de698afe4bc91e997b2e4baa4e58f8be7bd91e7ab99e38082e982a3e7b1bbe4babae4b880e888ace983bde698afe588b0e696b0e6b5aae6909ce78b90e7bd91e69893e8aebee7ab8be887aae5b7b1e79a84e58d9ae5aea2e38082e5a682e69e9ce8aebee7ab8be4bc81e4b89ae7a4bee58cbae5928ce58d9ae5aea2e5b0b1e4bc9ae6b5aae8b4b9e4bc98e68b93e7bd91e7ab99e79a84e5ad98e582a8e7a9bae997b4e8b584e6ba90efbc8ce8808ce4b894e8bf98e4bc9ae5a29ee58aa0e7aea1e79086e9a38ee999a9e38082e5b086e69da5e58f91e5b195e588b0e4ba86e4b880e5ae9ae5a4a7e79a84e8a784e6a8a1e4bba5e5908eefbc8ce5868de68ba9e69cbae58f91e5b195e7b1bbe4bcbce4ba8e3c7374726f6e673e3c7370616e207374796c653d22636f6c6f723a207265643b206261636b67726f756e643a206e6f6e6520726570656174207363726f6c6c20302520302520236439643964393b223ee9bb84e9a1b5e782b9e8af843c2f7370616e3e3c2f7374726f6e673ee79a84e78988e99da2efbc8ce58faae68c91e98089e5aea3e4bca0e88ba5e5b9b2e5aeb6e69c89e5ae9ee58a9be79a84e4bc81e4b89ae5b0b1e58fafe4bba5e4ba86e380823c2f7370616e3e3c2f703e, 1, 0, 1, '1', '2011-06-13 18:27:57', '2011-06-15 00:11:16', '4e4d6c332b6fe62a63afe56171fd3725');
INSERT INTO `utoconsult_my_article` (`id`, `category2_id`, `keywords`, `title`, `content`, `user_id`, `visitnumber`, `comment`, `level`, `created_at`, `updated_at`, `slug`) VALUES
(5, 8, '及阿娇啊 jiangjun', 'The last step is to create the showSuccess.php template:', 0x3c70726520636c6173733d22706870223e3c7370616e20636c6173733d22636f31223e2f2f20617070732f66726f6e74656e642f6d6f64756c65732f63617465676f72792f74656d706c617465732f73686f77537563636573732e7068703c2f7370616e3e0d0a3c7370616e20636c6173733d226b7732223e266c743b3f7068703c2f7370616e3e207573655f7374796c6573686565743c7370616e20636c6173733d22627230223e283c2f7370616e3e3c7370616e20636c6173733d22737430223e276a6f62732e637373273c2f7370616e3e3c7370616e20636c6173733d22627230223e293c2f7370616e3e203c7370616e20636c6173733d226b7732223e3f2667743b3c2f7370616e3e0d0a266e6273703b0d0a3c7370616e20636c6173733d226b7732223e266c743b3f7068703c2f7370616e3e20736c6f743c7370616e20636c6173733d22627230223e283c2f7370616e3e3c7370616e20636c6173733d22737430223e277469746c65273c2f7370616e3e2c203c7370616e20636c6173733d226b7733223e737072696e74663c2f7370616e3e3c7370616e20636c6173733d22627230223e283c2f7370616e3e3c7370616e20636c6173733d22737430223e274a6f627320696e207468652025732063617465676f7279273c2f7370616e3e2c203c7370616e20636c6173733d22726530223e2463617465676f72793c2f7370616e3e2d2667743b3c7370616e20636c6173733d226d6531223e6765744e616d653c2f7370616e3e3c7370616e20636c6173733d22627230223e283c2f7370616e3e3c7370616e20636c6173733d22627230223e293c2f7370616e3e3c7370616e20636c6173733d22627230223e293c2f7370616e3e3c7370616e20636c6173733d22627230223e293c2f7370616e3e203c7370616e20636c6173733d226b7732223e3f2667743b3c2f7370616e3e0d0a266e6273703b0d0a266c743b646976203c7370616e20636c6173733d226b7732223e636c6173733c2f7370616e3e3d3c7370616e20636c6173733d22737430223e2263617465676f7279223c2f7370616e3e2667743b0d0a2020266c743b646976203c7370616e20636c6173733d226b7732223e636c6173733c2f7370616e3e3d3c7370616e20636c6173733d22737430223e2266656564223c2f7370616e3e2667743b0d0a20202020266c743b6120687265663d3c7370616e20636c6173733d22737430223e22223c2f7370616e3e2667743b46656564266c743b2f612667743b0d0a2020266c743b2f6469762667743b0d0a2020266c743b68312667743b266c743b3f706870203c7370616e20636c6173733d226b7733223e6563686f3c2f7370616e3e203c7370616e20636c6173733d22726530223e2463617465676f72793c2f7370616e3e203f2667743b266c743b2f68312667743b0d0a266c743b2f6469762667743b0d0a266e6273703b0d0a266c743b7461626c65203c7370616e20636c6173733d226b7732223e636c6173733c2f7370616e3e3d3c7370616e20636c6173733d22737430223e226a6f6273223c2f7370616e3e2667743b0d0a20203c7370616e20636c6173733d226b7732223e266c743b3f7068703c2f7370616e3e203c7370616e20636c6173733d226b7731223e666f72656163683c2f7370616e3e203c7370616e20636c6173733d22627230223e283c2f7370616e3e3c7370616e20636c6173733d22726530223e2463617465676f72793c2f7370616e3e2d2667743b3c7370616e20636c6173733d226d6531223e6765744163746976654a6f62733c2f7370616e3e3c7370616e20636c6173733d22627230223e283c2f7370616e3e3c7370616e20636c6173733d22627230223e293c2f7370616e3e203c7370616e20636c6173733d226b7731223e61733c2f7370616e3e203c7370616e20636c6173733d22726530223e24693c2f7370616e3e203d2667743b203c7370616e20636c6173733d22726530223e246a6f623c2f7370616e3e3c7370616e20636c6173733d22627230223e293c2f7370616e3e3a203c7370616e20636c6173733d226b7732223e3f2667743b3c2f7370616e3e0d0a20202020266c743b7472203c7370616e20636c6173733d226b7732223e636c6173733c2f7370616e3e3d3c7370616e20636c6173733d22737430223e22266c743b3f706870206563686f20666d6f642824692c203229203f20276576656e27203a20276f646427203f2667743b223c2f7370616e3e2667743b0d0a202020202020266c743b7464203c7370616e20636c6173733d226b7732223e636c6173733c2f7370616e3e3d3c7370616e20636c6173733d22737430223e226c6f636174696f6e223c2f7370616e3e2667743b0d0a20202020202020203c7370616e20636c6173733d226b7732223e266c743b3f7068703c2f7370616e3e203c7370616e20636c6173733d226b7733223e6563686f3c2f7370616e3e203c7370616e20636c6173733d22726530223e246a6f623c2f7370616e3e2d2667743b3c7370616e20636c6173733d226d6531223e6765744c6f636174696f6e3c2f7370616e3e3c7370616e20636c6173733d22627230223e283c2f7370616e3e3c7370616e20636c6173733d22627230223e293c2f7370616e3e203c7370616e20636c6173733d226b7732223e3f2667743b3c2f7370616e3e0d0a202020202020266c743b2f74642667743b0d0a202020202020266c743b7464203c7370616e20636c6173733d226b7732223e636c6173733c2f7370616e3e3d3c7370616e20636c6173733d22737430223e22706f736974696f6e223c2f7370616e3e2667743b0d0a20202020202020203c7370616e20636c6173733d226b7732223e266c743b3f7068703c2f7370616e3e203c7370616e20636c6173733d226b7733223e6563686f3c2f7370616e3e206c696e6b5f746f3c7370616e20636c6173733d22627230223e283c2f7370616e3e3c7370616e20636c6173733d22726530223e246a6f623c2f7370616e3e2d2667743b3c7370616e20636c6173733d226d6531223e676574506f736974696f6e3c2f7370616e3e3c7370616e20636c6173733d22627230223e283c2f7370616e3e3c7370616e20636c6173733d22627230223e293c2f7370616e3e2c203c7370616e20636c6173733d22737430223e276a6f625f73686f775f75736572273c2f7370616e3e2c203c7370616e20636c6173733d22726530223e246a6f623c2f7370616e3e3c7370616e20636c6173733d22627230223e293c2f7370616e3e203c7370616e20636c6173733d226b7732223e3f2667743b3c2f7370616e3e0d0a202020202020266c743b2f74642667743b0d0a202020202020266c743b7464203c7370616e20636c6173733d226b7732223e636c6173733c2f7370616e3e3d3c7370616e20636c6173733d22737430223e22636f6d70616e79223c2f7370616e3e2667743b0d0a20202020202020203c7370616e20636c6173733d226b7732223e266c743b3f7068703c2f7370616e3e203c7370616e20636c6173733d226b7733223e6563686f3c2f7370616e3e203c7370616e20636c6173733d22726530223e246a6f623c2f7370616e3e2d2667743b3c7370616e20636c6173733d226d6531223e676574436f6d70616e793c2f7370616e3e3c7370616e20636c6173733d22627230223e283c2f7370616e3e3c7370616e20636c6173733d22627230223e293c2f7370616e3e203c7370616e20636c6173733d226b7732223e3f2667743b3c2f7370616e3e0d0a202020202020266c743b2f74642667743b0d0a20202020266c743b2f74722667743b0d0a20203c7370616e20636c6173733d226b7732223e266c743b3f7068703c2f7370616e3e203c7370616e20636c6173733d226b7731223e656e64666f72656163683c2f7370616e3e3b203c7370616e20636c6173733d226b7732223e3f2667743b3c2f7370616e3e0d0a266c743b2f7461626c652667743b3c2f7072653e, 1, 1, 1, '1', '2011-06-14 22:51:52', '2011-06-14 22:51:52', '6e4f15dd2e7daae3ff1f3bee2f144450'),
(7, 1, '脏垃圾话干扰', 'Doctrine Sluggable Behavior for Foreign Relations', 0x3c703e3c7374726f6e673e50726f647563743c2f7374726f6e673e3a3c6272202f3e20266e6273703b266e6273703b3c656d3e636f6c756d6e733c2f656d3e3a3c6272202f3e20266e6273703b266e6273703b266e6273703b266e6273703b69643a207b747970653a20696e74656765722c207072696d6172793a20747275652c206175746f696e6372656d656e743a2074727565207d3c6272202f3e20266e6273703b266e6273703b266e6273703b266e6273703b747970655f69643a207b20747970653a20696e74656765722c206e6f746e756c6c3a2074727565207d3c6272202f3e20266e6273703b266e6273703b266e6273703b266e6273703b6272616e645f69643a207b20747970653a20696e74656765722c206e6f746e756c6c3a2074727565207d3c6272202f3e20266e6273703b266e6273703b3c656d3e72656c6174696f6e733c2f656d3e3a3c6272202f3e20266e6273703b266e6273703b266e6273703b266e6273703b50726f64756374547970653a3c6272202f3e20266e6273703b266e6273703b266e6273703b266e6273703b266e6273703b266e6273703b636c6173733a2050726f64756374547970653c6272202f3e20266e6273703b266e6273703b266e6273703b266e6273703b266e6273703b266e6273703b6c6f63616c3a20747970655f69643c6272202f3e20266e6273703b266e6273703b266e6273703b266e6273703b266e6273703b266e6273703b666f726569676e3a2069643c6272202f3e20266e6273703b266e6273703b266e6273703b266e6273703b4272616e643a3c6272202f3e20266e6273703b266e6273703b266e6273703b266e6273703b266e6273703b266e6273703b636c6173733a204272616e643c6272202f3e20266e6273703b266e6273703b266e6273703b266e6273703b266e6273703b266e6273703b6c6f63616c3a206272616e645f69643c6272202f3e20266e6273703b266e6273703b266e6273703b266e6273703b266e6273703b266e6273703b666f726569676e3a2069643c2f703e0d0a3c703e3c7374726f6e673e50726f64756374547970653c2f7374726f6e673e3a3c6272202f3e20266e6273703b266e6273703b3c656d3e61637441733c2f656d3e3a3c6272202f3e20266e6273703b266e6273703b266e6273703b266e6273703b4931386e3a3c6272202f3e20266e6273703b266e6273703b266e6273703b266e6273703b6669656c64733a207b206e616d65207d3c6272202f3e20266e6273703b266e6273703b3c656d3e636f6c756d6e733c2f656d3e3a3c6272202f3e20266e6273703b266e6273703b266e6273703b266e6273703b69643a207b747970653a20696e74656765722c207072696d6172793a20747275652c206175746f696e6372656d656e743a2074727565207d3c6272202f3e20266e6273703b266e6273703b266e6273703b266e6273703b6e616d653a207b20747970653a20737472696e6728323535292c206e6f746e756c6c3a2074727565207d3c2f703e0d0a3c703e3c7374726f6e673e4272616e643c2f7374726f6e673e3a3c6272202f3e20266e6273703b266e6273703b3c656d3e61637441733c2f656d3e3a3c6272202f3e20266e6273703b266e6273703b266e6273703b266e6273703b4931386e3a3c6272202f3e20266e6273703b266e6273703b266e6273703b266e6273703b266e6273703b266e6273703b6669656c64733a207b206e616d65207d3c6272202f3e20266e6273703b266e6273703b3c656d3e636f6c756d6e733c2f656d3e3a3c6272202f3e20266e6273703b266e6273703b266e6273703b266e6273703b69643a207b747970653a20696e74656765722c207072696d6172793a20747275652c206175746f696e6372656d656e743a2074727565207d3c6272202f3e20266e6273703b266e6273703b266e6273703b266e6273703b6e616d653a207b20747970653a20737472696e6728323535292c206e6f746e756c6c3a2074727565207d3c2f703e0d0a3c6872202f3e0d0a3c703e492077616e7420746f20736c75676966792050726f6475637473207461626c652c2069652e2070726f64756374732077696c6c20626520726561636865642076696120746865697220736c7567732e20486f77657665722c20617320796f752073656520626f7468206272616e6420616e642070726f64756374797065207461626c657320686173206931386e206265686176696f75722e20416e64206d6f72656f7665722c2070726f6475637420646f65736e7420686176652061206e616d652e20412070726f64756374277320736c75672077696c6c2062653a20224272616e642e6e616d65202d2050726f64756374547970652e6e616d65222c20616e642076617279207769746820746865206c616e6775616765207365727665642e3c2f703e0d0a3c703e466f722074686973207363656e6172696f2c20697320746865726520616e7977617920492063616e2075736520536c75676761626c65206265686176696f7572206f6620446f637472696e6520746f20736c756767696679206d792070726f6475637473206175746f6d61746963616c6c792e204f7220646f2049206861766520746f206d616e616765206974206d616e75616c6c793f3c2f703e0d0a3c703e42792074686520776179206d7920656e7669726f6e6d656e7420636f6e66696775726174696f6e2069733a3c6272202f3e203c7374726f6e673e446f637472696e652056657273696f6e3c2f7374726f6e673e3a20312e323c6272202f3e203c7374726f6e673e53796d666f6e793c2f7374726f6e673e3a20312e342e313c2f703e0d0a3c703e5468616e6b733c2f703e, 1, 1, 1, '1', '2011-06-14 22:53:31', '2011-06-14 22:53:31', '5959775cdafda9192dfbc3750d428d30');

-- --------------------------------------------------------

--
-- 表的结构 `utoconsult_province`
--

CREATE TABLE IF NOT EXISTS `utoconsult_province` (
  `id` bigint(20) NOT NULL AUTO_INCREMENT,
  `provinceid` bigint(20) NOT NULL,
  `province` varchar(255) COLLATE utf8_unicode_ci NOT NULL,
  PRIMARY KEY (`id`),
  UNIQUE KEY `provinceid` (`provinceid`)
) ENGINE=InnoDB  DEFAULT CHARSET=utf8 COLLATE=utf8_unicode_ci AUTO_INCREMENT=35 ;

--
-- 转存表中的数据 `utoconsult_province`
--

INSERT INTO `utoconsult_province` (`id`, `provinceid`, `province`) VALUES
(1, 110000, '北京市'),
(2, 120000, '天津市'),
(3, 130000, '河北省'),
(4, 140000, '山西省'),
(5, 150000, '内蒙古自治区'),
(6, 210000, '辽宁省'),
(7, 220000, '吉林省'),
(8, 230000, '黑龙江省'),
(9, 310000, '上海市'),
(10, 320000, '江苏省'),
(11, 330000, '浙江省'),
(12, 340000, '安徽省'),
(13, 350000, '福建省'),
(14, 360000, '江西省'),
(15, 370000, '山东省'),
(16, 410000, '河南省'),
(17, 420000, '湖北省'),
(18, 430000, '湖南省'),
(19, 440000, '广东省'),
(20, 450000, '广西壮族自治区'),
(21, 460000, '海南省'),
(22, 500000, '重庆市'),
(23, 510000, '四川省'),
(24, 520000, '贵州省'),
(25, 530000, '云南省'),
(26, 540000, '西藏自治区'),
(27, 610000, '陕西省'),
(28, 620000, '甘肃省'),
(29, 630000, '青海省'),
(30, 640000, '宁夏回族自治区'),
(31, 650000, '新疆维吾尔自治区'),
(32, 710000, '台湾省'),
(33, 810000, '香港特别行政区'),
(34, 820000, '澳门特别行政区');

-- --------------------------------------------------------

--
-- 表的结构 `utoconsult_user`
--

CREATE TABLE IF NOT EXISTS `utoconsult_user` (
  `id` bigint(20) NOT NULL AUTO_INCREMENT,
  `username` varchar(30) COLLATE utf8_unicode_ci NOT NULL,
  `password` varchar(255) COLLATE utf8_unicode_ci NOT NULL,
  `email` varchar(255) COLLATE utf8_unicode_ci NOT NULL,
  `type` varchar(255) COLLATE utf8_unicode_ci NOT NULL,
  `level` bigint(20) DEFAULT NULL,
  `moneytime` date DEFAULT NULL,
  `active` tinyint(1) DEFAULT '1',
  `slug` varchar(255) COLLATE utf8_unicode_ci DEFAULT NULL,
  PRIMARY KEY (`id`),
  UNIQUE KEY `username` (`username`),
  UNIQUE KEY `email` (`email`),
  UNIQUE KEY `utoconsult_user_sluggable_idx` (`slug`)
) ENGINE=InnoDB  DEFAULT CHARSET=utf8 COLLATE=utf8_unicode_ci AUTO_INCREMENT=3 ;

--
-- 转存表中的数据 `utoconsult_user`
--

INSERT INTO `utoconsult_user` (`id`, `username`, `password`, `email`, `type`, `level`, `moneytime`, `active`, `slug`) VALUES
(1, 'qincheng', '81dc9bdb52d04dc20036dbd8313ed055', 'qincheng@sina.com', 'user', NULL, NULL, 1, '8c9aec8b927d9ac833ea7d694f4a4115'),
(2, 'qincheng1', '81dc9bdb52d04dc20036dbd8313ed055', 'qincheng1@sina.com', 'user', NULL, NULL, 1, '342562a04359a689a95929c331c40ba7');

-- --------------------------------------------------------

--
-- 表的结构 `utoconsult_user_contact`
--

CREATE TABLE IF NOT EXISTS `utoconsult_user_contact` (
  `id` bigint(20) NOT NULL AUTO_INCREMENT,
  `user_id` bigint(20) NOT NULL,
  `mobile` bigint(20) DEFAULT NULL,
  `fix` bigint(20) DEFAULT NULL,
  `qq` varchar(30) COLLATE utf8_unicode_ci DEFAULT NULL,
  `msn` varchar(255) COLLATE utf8_unicode_ci DEFAULT NULL,
  `skype` varchar(255) COLLATE utf8_unicode_ci DEFAULT NULL,
  `created_at` datetime NOT NULL,
  `updated_at` datetime NOT NULL,
  PRIMARY KEY (`id`),
  UNIQUE KEY `user_id` (`user_id`),
  UNIQUE KEY `mobile` (`mobile`),
  KEY `user_id_idx` (`user_id`)
) ENGINE=InnoDB DEFAULT CHARSET=utf8 COLLATE=utf8_unicode_ci AUTO_INCREMENT=1 ;

--
-- 转存表中的数据 `utoconsult_user_contact`
--


-- --------------------------------------------------------

--
-- 表的结构 `utoconsult_user_information`
--

CREATE TABLE IF NOT EXISTS `utoconsult_user_information` (
  `id` bigint(20) NOT NULL AUTO_INCREMENT,
  `user_id` bigint(20) NOT NULL,
  `realname` varchar(30) COLLATE utf8_unicode_ci NOT NULL,
  `web` varchar(255) COLLATE utf8_unicode_ci DEFAULT NULL,
  `special` varchar(30) COLLATE utf8_unicode_ci DEFAULT NULL,
  `description` longblob,
  `country` varchar(30) COLLATE utf8_unicode_ci DEFAULT NULL,
  `province` varchar(30) COLLATE utf8_unicode_ci DEFAULT NULL,
  `city` varchar(30) COLLATE utf8_unicode_ci DEFAULT NULL,
  `created_at` datetime NOT NULL,
  `updated_at` datetime NOT NULL,
  PRIMARY KEY (`id`),
  UNIQUE KEY `user_id` (`user_id`),
  KEY `user_id_idx` (`user_id`)
) ENGINE=InnoDB  DEFAULT CHARSET=utf8 COLLATE=utf8_unicode_ci AUTO_INCREMENT=2 ;

--
-- 转存表中的数据 `utoconsult_user_information`
--

INSERT INTO `utoconsult_user_information` (`id`, `user_id`, `realname`, `web`, `special`, `description`, `country`, `province`, `city`, `created_at`, `updated_at`) VALUES
(1, 1, '秦成', 'facebook', 'nba', 0x6173646164, 'cn', 'beijing', 'beijing', '2011-06-12 12:34:33', '2011-06-20 18:09:58');

-- --------------------------------------------------------

--
-- 表的结构 `utoconsult_user_profile_photo`
--

CREATE TABLE IF NOT EXISTS `utoconsult_user_profile_photo` (
  `id` bigint(20) NOT NULL AUTO_INCREMENT,
  `user_id` bigint(20) NOT NULL,
  `photo` varchar(100) COLLATE utf8_unicode_ci DEFAULT NULL,
  `photoicon` varchar(100) COLLATE utf8_unicode_ci DEFAULT NULL,
  `created_at` datetime NOT NULL,
  `updated_at` datetime NOT NULL,
  PRIMARY KEY (`id`),
  UNIQUE KEY `user_id` (`user_id`),
  KEY `user_id_idx` (`user_id`)
) ENGINE=InnoDB DEFAULT CHARSET=utf8 COLLATE=utf8_unicode_ci AUTO_INCREMENT=1 ;

--
-- 转存表中的数据 `utoconsult_user_profile_photo`
--


--
-- 限制导出的表
--

--
-- 限制表 `utoconsult_article_category2`
--
ALTER TABLE `utoconsult_article_category2`
  ADD CONSTRAINT `ucui` FOREIGN KEY (`category1_id`) REFERENCES `utoconsult_article_category1` (`id`);

--
-- 限制表 `utoconsult_article_comment`
--
ALTER TABLE `utoconsult_article_comment`
  ADD CONSTRAINT `utoconsult_article_comment_ibfk_1` FOREIGN KEY (`article_id`) REFERENCES `utoconsult_my_article` (`id`);

--
-- 限制表 `utoconsult_blog_comment`
--
ALTER TABLE `utoconsult_blog_comment`
  ADD CONSTRAINT `utoconsult_blog_comment_blog_id_utoconsult_blog_id` FOREIGN KEY (`blog_id`) REFERENCES `utoconsult_blog` (`id`);

--
-- 限制表 `utoconsult_city`
--
ALTER TABLE `utoconsult_city`
  ADD CONSTRAINT `utoconsult_city_fatherid_utoconsult_province_provinceid` FOREIGN KEY (`fatherid`) REFERENCES `utoconsult_province` (`provinceid`);

--
-- 限制表 `utoconsult_company_information`
--
ALTER TABLE `utoconsult_company_information`
  ADD CONSTRAINT `utoconsult_company_information_company_id_utoconsult_company_id` FOREIGN KEY (`company_id`) REFERENCES `utoconsult_company` (`id`) ON DELETE CASCADE;

--
-- 限制表 `utoconsult_company_profile_photo`
--
ALTER TABLE `utoconsult_company_profile_photo`
  ADD CONSTRAINT `ucui_1` FOREIGN KEY (`company_id`) REFERENCES `utoconsult_company` (`id`) ON DELETE CASCADE;

--
-- 限制表 `utoconsult_my_article`
--
ALTER TABLE `utoconsult_my_article`
  ADD CONSTRAINT `ucui_2` FOREIGN KEY (`category2_id`) REFERENCES `utoconsult_article_category2` (`id`),
  ADD CONSTRAINT `utoconsult_my_article_user_id_utoconsult_user_id` FOREIGN KEY (`user_id`) REFERENCES `utoconsult_user` (`id`);

--
-- 限制表 `utoconsult_user_contact`
--
ALTER TABLE `utoconsult_user_contact`
  ADD CONSTRAINT `utoconsult_user_contact_user_id_utoconsult_user_id` FOREIGN KEY (`user_id`) REFERENCES `utoconsult_user` (`id`) ON DELETE CASCADE;

--
-- 限制表 `utoconsult_user_information`
--
ALTER TABLE `utoconsult_user_information`
  ADD CONSTRAINT `utoconsult_user_information_user_id_utoconsult_user_id` FOREIGN KEY (`user_id`) REFERENCES `utoconsult_user` (`id`) ON DELETE CASCADE;

--
-- 限制表 `utoconsult_user_profile_photo`
--
ALTER TABLE `utoconsult_user_profile_photo`
  ADD CONSTRAINT `utoconsult_user_profile_photo_user_id_utoconsult_user_id` FOREIGN KEY (`user_id`) REFERENCES `utoconsult_user` (`id`) ON DELETE CASCADE;
